FID,Status,Title,Ident Code,Criteria Categories,Criteria,Qualifying Species,#Qualifying Species,Supporting Species,#Supporting Species,Region,Region Code,Location,Location Code,Area Square Kilometers,Month Submitted,Year Submitted,Month Classified,Year Classified,Month Modified,Year Modified,Details
1,IMMA,Cabo Blanco IMMA,01AFRATL181919IMMA,"Criterion A - Species or Population Vulnerability, Criterion B - Distribution and Abundance, Criterion C - Key Life Cycle Activities","A, B2, C1",Monachus monachus,1,NULL,NULL,African Atlantic,AFRATL,"Mauritania, Western Sahara","MRT, ESH",19333,4,2018,1,2019,1,2019,https://www.marinemammalhabitat.org/portfolio-item/cabo-blanco/
2,IMMA,Albany Canyon Region IMMA,01ANSEIO202020IMMA,"Criterion A - Species or Population Vulnerability, Criterion B - Distribution and Abundance, Criterion C - Key Life Cycle Activities","A, B2, C2","Physeter macrocephalus, Orcinus orca",2,"Delphinus delphis, Stenella coeruleoalba, Balaenoptera musculus intermedia, Balaenoptera musculus brevicauda, Balaenoptera physalus, Megaptera novaeangliae, Eubalaena australis, Mesoplodon layardii, Pseudorca crassidens, Globicephala melas",10,"Australia, New Zealand and Southeast Indian Ocean",ANSEIO,Australia,AUS,90657,2,2020,7,2020,10,2020,https://www.marinemammalhabitat.org/portfolio-item/albany-canyon-region/
3,IMMA,Australian East Coast Migration Corridor IMMA,02ANSEIO202020IMMA,"Criterion C - Key Life Cycle Activities, Criterion D - Special Attributes","C3, D1","Megaptera novaeangliae, Balaenoptera acutorostrata",2,"Orcaella heinsohni, Sousa sahulensis, Dugong dugon, Stenella longirostris, Pseudorca crassidens, Tursiops truncatus, Tursiops aduncus, Delphinus delphis, Orcinus orca, Balaenoptera edeni, Eubalaena australis, Arctocephalus pusillus doriferus",12,"Australia, New Zealand and Southeast Indian Ocean",ANSEIO,Australia,AUS,125481,2,2020,7,2020,7,2020,https://www.marinemammalhabitat.org/portfolio-item/australian-east-coast-migration-corridor/
4,IMMA,Central and Western Torres Strait IMMA,03ANSEIO202020IMMA,"Criterion A - Species or Population Vulnerability, Criterion C - Key Life Cycle Activities, Criterion D - Special Attributes","A, C1, C2, D1","Dugong dugon, Sousa sahulensis, Orcaella heinsohni",3,Tursiops aduncus,1,"Australia, New Zealand and Southeast Indian Ocean",ANSEIO,"Australia, Papua New Guinea","AUS, PNG",27062,2,2020,7,2020,7,2020,https://www.marinemammalhabitat.org/portfolio-item/central-western-torres-strait/
5,IMMA,"Central West Coast, North Island IMMA",04ANSEIO202020IMMA,"Criterion A - Species or Population Vulnerability, Criterion B - Distribution and Abundance","A, B1",Cephalorhynchus hectori maui,1,"Delphinus delphis, Tursiops truncatus, Orcinus orca",3,"Australia, New Zealand and Southeast Indian Ocean",ANSEIO,New Zealand,NZL,19785,2,2020,7,2020,7,2020,https://www.marinemammalhabitat.org/portfolio-item/central-west-coast-north-island-new-zealand/
6,IMMA,Dampier Archipelago IMMA,05ANSEIO202020IMMA,"Criterion A - Species or Population Vulnerability, Criterion B - Distribution and Abundance, Criterion C - Key Life Cycle Activities, Criterion D - Special Attributes","A, B1, B2, C1, C2, D1","Dugong dugon, Sousa sahulensis, Tursiops aduncus, Megaptera novaeangliae",4,"Orcaella heinsohni, Pseudorca crassidens",2,"Australia, New Zealand and Southeast Indian Ocean",ANSEIO,Australia,AUS,2933,2,2020,7,2020,7,2020,https://www.marinemammalhabitat.org/portfolio-item/dampier-archipelago/
7,IMMA,Eastern Indian Ocean Blue Whale Migratory Route IMMA,06ANSEIO202020IMMA,"Criterion A - Species or Population Vulnerability, Criterion C - Key Life Cycle Activities","A, C2, C3",Balaenoptera musculus brevicauda,1,Balaenoptera musculus intermedia,1,"Australia, New Zealand and Southeast Indian Ocean",ANSEIO,"Australia, Timor-Leste, Indonesia","AUS, TLS, IDN",1101394,2,2020,7,2020,7,2020,https://www.marinemammalhabitat.org/portfolio-item/eastern-indian-ocean-blue-whale-migratory-route/
8,IMMA,Geographe Bay to Eucla Shelf and Coastal Waters IMMA,07ANSEIO202020IMMA,"Criterion A - Species or Population Vulnerability, Criterion B - Distribution and Abundance, Criterion C - Key Life Cycle Activities","A, B2, C1, C2, C3","Eubalaena australis, Megaptera novaeangliae, Balaenoptera musculus, Neophoca cinerea, Arctocephalus forsteri",5,"Tursiops aduncus, Delphinus delphis, Balaenoptera musculus, Globicephala melas, Balaenoptera bonaerensis, Pseudorca crassidens, Orcinus orca, Kogia breviceps, Physeter macrocephalus, Caperea marginata, Tasmacetus shepherdi, Mesoplodon grayi",12,"Australia, New Zealand and Southeast Indian Ocean",ANSEIO,Australia,AUS,123161,2,2020,7,2020,7,2020,https://www.marinemammalhabitat.org/portfolio-item/geographe-bay-eucla-shelf-coastal-waters/
9,IMMA,Gourdon Bay to Bigge Island IMMA,08ANSEIO202020IMMA,"Criterion B - Distribution and Abundance, Criterion C - Key Life Cycle Activities","B2, C1",Megaptera novaeangliae,1,"Balaenoptera edeni, Physeter macrocephalus, Balaenoptera physalus, Stenella longirostris, Pseudorca crassidens, Tursiops truncatus, Tursiops aduncus, Orcaella heinsohni, Sousa sahulensis",9,"Australia, New Zealand and Southeast Indian Ocean",ANSEIO,Australia,AUS,57941,2,2020,7,2020,7,2020,https://www.marinemammalhabitat.org/portfolio-item/gourdon-bay-bigge-island/
10,IMMA,Great Barrier Ribbon Reefs and Outer Shelf IMMA,09ANSEIO202020IMMA,"Criterion B - Distribution and Abundance, Criterion C - Key Life Cycle Activities, Criterion D - Special Attributes","B2, C1, D1",Balaenoptera acutorostrata,1,"Balaenoptera omurai, Megaptera novaeangliae, Pseudorca crassidens",3,"Australia, New Zealand and Southeast Indian Ocean",ANSEIO,Australia,AUS,1872,2,2020,7,2020,7,2020,https://www.marinemammalhabitat.org/portfolio-item/great-barrier-ribbon-reefs-outer-shelf/
11,IMMA,Hervey Bay and Great Sandy Strait IMMA,10ANSEIO202020IMMA,"Criterion A - Species or Population Vulnerability, Criterion B - Distribution and Abundance, Criterion C - Key Life Cycle Activities","A, B1, B2, C1, C2","Sousa sahulensis, Megaptera novaeangliae, Dugong dugon",3,"Tursiops aduncus, Tursiops truncatus",2,"Australia, New Zealand and Southeast Indian Ocean",ANSEIO,Australia,AUS,6926,2,2020,7,2020,7,2020,https://www.marinemammalhabitat.org/portfolio-item/hervey-bay-great-sandy-strait/
12,IMMA,Hikurangi Trench IMMA,11ANSEIO202020IMMA,Criterion D - Special Attributes,D2,NULL,NULL,"Balaenoptera musculus, Ziphius cavirostris, Balaenoptera physalus, Mesoplodon grayi, Cephalorhynchus hectori, Megaptera novaeangliae, Globicephala melas, Kogia breviceps, Balaenoptera borealis, Physeter macrocephalus, Mesoplodon layardii",11,"Australia, New Zealand and Southeast Indian Ocean",ANSEIO,New Zealand,NZL,50546,2,2020,7,2020,7,2020,https://www.marinemammalhabitat.org/portfolio-item/hikurangi-trench/
13,IMMA,Hinchinbrook to Round Hill IMMA,12ANSEIO202020IMMA,"Criterion A - Species or Population Vulnerability, Criterion B - Distribution and Abundance, Criterion C - Key Life Cycle Activities","A, B1, C1, C2","Sousa sahulensis, Orcaella heinsohni, Dugong dugon",3,"Megaptera novaeangliae, Tursiops aduncus, Tursiops truncatus",3,"Australia, New Zealand and Southeast Indian Ocean",ANSEIO,Australia,AUS,21135,2,2020,7,2020,7,2020,https://www.marinemammalhabitat.org/portfolio-item/hinchinbrook-round-hill/
14,IMMA,Houtman Abrolhos to Rottnest Shelf Waters IMMA,13ANSEIO202020IMMA,"Criterion A - Species or Population Vulnerability, Criterion C - Key Life Cycle Activities","A, C1, C2",Neophoca cinerea,1,"Balaenoptera musculus brevicauda, Megaptera novaeangliae, Tursiops aduncus",3,"Australia, New Zealand and Southeast Indian Ocean",ANSEIO,Australia,AUS,19297,2,2020,7,2020,7,2020,https://www.marinemammalhabitat.org/portfolio-item/portfolio-item/houtman-abrolhos-rottnest-shelf-waters/
15,IMMA,Kaikoura IMMA,14ANSEIO202020IMMA,"Criterion A - Species or Population Vulnerability, Criterion C - Key Life Cycle Activities","A, C2","Cephalorhynchus hectori, Balaenoptera musculus, Arctocephalus forsteri",3,"Megaptera novaeangliae, Balaenoptera borealis, Balaenoptera physalus, Eubalaena australis, Lissodelphis peronii, Tursiops truncatus, Delphinus delphis, Orcinus orca, Globicephala melas, Hydrurga leptonyx, Mirounga leonina",11,"Australia, New Zealand and Southeast Indian Ocean",ANSEIO,New Zealand,NZL,5902,2,2020,7,2020,7,2020,https://www.marinemammalhabitat.org/portfolio-item/kaikoura/
16,IMMA,Mapoon to Aurukun IMMA,15ANSEIO202020IMMA,"Criterion A - Species or Population Vulnerability, Criterion B - Distribution and Abundance","A, B1","Orcaella heinsohni, Sousa sahulensis",2,"Tursiops aduncus, Pseudorca crassidens, Orcinus orca, Stenella longirostris",4,"Australia, New Zealand and Southeast Indian Ocean",ANSEIO,Australia,AUS,3905,2,2020,7,2020,7,2020,https://www.marinemammalhabitat.org/portfolio-item/mapoon-aurukun/
17,IMMA,Marlborough Sounds and Cook Strait IMMA,16ANSEIO202020IMMA,"Criterion A - Species or Population Vulnerability, Criterion B - Distribution and Abundance, Criterion C - Key Life Cycle Activities","A, C1, C2, C3","Balaenoptera musculus intermedia, Berardius arnuxii, Ziphius cavirostris, Lagenorhynchus obscurus, Mesoplodon grayi, Cephalorhynchus hectori, Megaptera novaeangliae, Orcinus orca, Arctocephalus forsteri, Phocarctos hookeri",10,"Mesoplodon bowdoini, Balaenoptera bonaerensis, Tursiops truncatus, Delphinus delphis, Pseudorca crassidens, Balaenoptera physalus, Hydrurga leptonyx, Globicephala melas, Kogia breviceps, Mirounga leonina, Lissodelphis peronii",11,"Australia, New Zealand and Southeast Indian Ocean",ANSEIO,New Zealand,NZL,22403,2,2020,7,2020,7,2020,https://www.marinemammalhabitat.org/portfolio-item/marlborough-sounds-cook-strait/
18,IMMA,Moreton Bay IMMA,17ANSEIO202020IMMA,"Criterion A - Species or Population Vulnerability, Criterion B - Distribution and Abundance, Criterion C - Key Life Cycle Activities, Criterion D - Special Attributes","A, B1, B2, C1, C2, D1","Sousa sahulensis, Dugong dugon, Tursiops aduncus",3,"Megaptera novaeangliae, Tursiops truncatus, Eubalaena australis, Delphinus delphis, Arctocephalus forsteri, Balaenoptera edeni, Balaenoptera acutorostrata",7,"Australia, New Zealand and Southeast Indian Ocean",ANSEIO,Australia,AUS,4229,2,2020,7,2020,7,2020,https://www.marinemammalhabitat.org/portfolio-item/moreton-bay/
19,IMMA,Ningaloo Reef to Montebello Islands IMMA,18ANSEIO202020IMMA,"Criterion A - Species or Population Vulnerability, Criterion B - Distribution and Abundance, Criterion C - Key Life Cycle Activities","A, B1, C1, C2","Sousa sahulensis, Dugong dugon, Megaptera novaeangliae",3,"Tursiops aduncus, Balaenoptera musculus, Orcaella heinsohni, Balaenoptera acutorostrata, Orcinus orca, Eubalaena australis, Balaenoptera omurai, Balaenoptera physalus, Pseudorca crassidens",9,"Australia, New Zealand and Southeast Indian Ocean",ANSEIO,Australia,AUS,19938,2,2020,7,2020,7,2020,https://www.marinemammalhabitat.org/portfolio-item/ningaloo-reef-montebello-islands/
20,IMMA,Northern Great Barrier Reef IMMA,19ANSEIO202020IMMA,"Criterion A - Species or Population Vulnerability, Criterion C - Key Life Cycle Activities","A, C1, C2","Sousa sahulensis, Dugong dugon, Orcaella heinsohni",3,"Balaenoptera acutorostrata, Megaptera novaeangliae, Pseudorca crassidens, Stenella longirostris, Tursiops aduncus",5,"Australia, New Zealand and Southeast Indian Ocean",ANSEIO,Australia,AUS,16450,2,2020,7,2020,7,2020,https://www.marinemammalhabitat.org/portfolio-item/northern-great-barrier-reef/
21,IMMA,Northwestern Australian Coastal Waters and Inlets IMMA,20ANSEIO202020IMMA,"Criterion A - Species or Population Vulnerability, Criterion B - Distribution and Abundance, Criterion C - Key Life Cycle Activities, Criterion D - Special Attributes","A, B1, C2, D1","Sousa sahulensis, Dugong dugon, Orcaella heinsohni, Tursiops aduncus",4,"Megaptera novaeangliae, Stenella longirostris, Pseudorca crassidens, Orcinus orca, Balaenoptera musculus brevicauda",5,"Australia, New Zealand and Southeast Indian Ocean",ANSEIO,Australia,AUS,53603,2,2020,7,2020,7,2020,https://www.marinemammalhabitat.org/portfolio-item/northwestern-australian-coastal-waters-inlets/
22,IMMA,Rakiura Stewart Island and Te Ara a Kiwa IMMA,21ANSEIO202020IMMA,"Criterion A - Species or Population Vulnerability, Criterion B - Distribution and Abundance, Criterion C - Key Life Cycle Activities, Criterion D - Special Attributes","A, B1, C1, C3, D2","Balaenoptera musculus, Balaenoptera physalus, Cephalorhynchus hectori, Megaptera novaeangliae, Arctocephalus forsteri, Phocarctos hookeri, Balaenoptera borealis, Eubalaena australis",8,"Berardius arnuxii, Balaenoptera bonaerensis, Delphinus delphis, Lagenorhynchus obscurus, Orcinus orca, Hydrurga leptonyx, Globicephala melas, Caperea marginata, Mirounga leonina, Lissodelphis peronii",10,"Australia, New Zealand and Southeast Indian Ocean",ANSEIO,New Zealand,NZL,25158,2,2020,7,2020,7,2020,https://www.marinemammalhabitat.org/portfolio-item/rakiura-stewart-island-te-ara-a-kiwa/
23,IMMA,Rangitahua Kermadec IMMA,22ANSEIO202020IMMA,"Criterion A - Species or Population Vulnerability, Criterion B - Distribution and Abundance, Criterion C - Key Life Cycle Activities","A, B2, C3","Megaptera novaeangliae, Tursiops truncatus",2,"Physeter macrocephalus, Balaenoptera musculus, Orcinus orca, Delphinus delphis",4,"Australia, New Zealand and Southeast Indian Ocean",ANSEIO,New Zealand,NZL,22011,2,2020,7,2020,7,2020,https://www.marinemammalhabitat.org/portfolio-item/rangitahua-kermadec/
24,IMMA,Shark Bay IMMA,23ANSEIO202020IMMA,"Criterion A - Species or Population Vulnerability, Criterion B - Distribution and Abundance, Criterion C - Key Life Cycle Activities, Criterion D - Special Attributes","A, B1, C1, C2, D1","Tursiops aduncus, Dugong dugon",2,"Megaptera novaeangliae, Sousa sahulensis, Eubalaena australis",3,"Australia, New Zealand and Southeast Indian Ocean",ANSEIO,Australia,AUS,17266,2,2020,7,2020,7,2020,https://www.marinemammalhabitat.org/portfolio-item/shark-bay/
25,IMMA,South Australian Gulfs and Adjacent Waters IMMA,24ANSEIO202020IMMA,"Criterion A - Species or Population Vulnerability, Criterion B - Distribution and Abundance, Criterion C - Key Life Cycle Activities, Criterion D - Special Attributes","A, B2, C1, C2, C3, D1","Neophoca cinerea, Eubalaena australis, Tursiops aduncus, Arctocephalus forsteri, Megaptera novaeangliae",5,"Orcinus orca, Kogia breviceps, Kogia sima, Balaenoptera acutorostrata, Tursiops truncatus, Hydrurga leptonyx, Delphinus delphis",7,"Australia, New Zealand and Southeast Indian Ocean",ANSEIO,Australia,AUS,47516,2,2020,7,2020,7,2020,https://www.marinemammalhabitat.org/portfolio-item/south-australian-gulfs-adjacent-waters/
26,IMMA,South Taranaki Bight IMMA,25ANSEIO202020IMMA,"Criterion A - Species or Population Vulnerability, Criterion C - Key Life Cycle Activities, Criterion D - Special Attributes","A, C1, C2, C3, D1, D2","Cephalorhynchus hectori maui, Cephalorhynchus hectori, Balaenoptera musculus brevicauda, Arctocephalus forsteri, Balaenoptera musculus intermedia, Megaptera novaeangliae, Balaenoptera physalus, Balaenoptera borealis, Physeter macrocephalus",9,"Globicephala melas, Caperea marginata, Tasmacetus shepherdi, Mesoplodon bowdoini, Balaenoptera bonaerensis, Berardius arnuxii, Tursiops truncatus, Balaenoptera edeni, Lobodon carcinophaga, Ziphius cavirostris, Lagenorhynchus obscurus",11,"Australia, New Zealand and Southeast Indian Ocean",ANSEIO,New Zealand,NZL,47361,2,2020,7,2020,7,2020,https://www.marinemammalhabitat.org/portfolio-item/south-taranaki-bight/
27,IMMA,Southeastern Australian and Tasmanian Shelf Waters IMMA,27ANSEIO202020IMMA,"Criterion A - Species or Population Vulnerability, Criterion B - Distribution and Abundance, Criterion C - Key Life Cycle Activities, Criterion D - Special Attributes","A, B1, B2, C1, C2, C3, D2","Balaenoptera musculus, Arctocephalus forsteri, Arctocephalus pusillus, Eubalaena australis, Megaptera novaeangliae",5,"Delphinus delphis, Tursiops truncatus, Tursiops aduncus, Arctocephalus tropicalis, Orcinus orca, Globicephala melas, Mirounga leonina, Caperea marginata, Physeter macrocephalus, Mesoplodon layardii, Mesoplodon grayi, Ziphius cavirostris",12,"Australia, New Zealand and Southeast Indian Ocean",ANSEIO,Australia,AUS,237283,2,2020,7,2020,7,2020,https://www.marinemammalhabitat.org/portfolio-item/southeastern-australian-tasmanian-shelf-waters/
28,IMMA,Southern Australian Coastal and Shelf Region IMMA,26ANSEIO20202IMMA,"Criterion A - Species or Population Vulnerability, Criterion B - Distribution and Abundance, Criterion C - Key Life Cycle Activities, Criterion D - Special Attributes","A,B2,C1,C2,C3,D1,D2","Neophoca cinerea, Arctocephalus forsteri, Eubalaena australis, Balaenoptera musculus intermedia, Balaenoptera musculus brevicauda, Arctocephalus pusillus doriferus",6,"Megaptera novaeangliae, Balaenoptera borealis, Tursiops aduncus, Tursiops truncatus, Delphinus delphis, Tasmacetus shepherdi, Mesoplodon layardii, Orcinus orca, Caperea marginata, Mirounga leonina, Hydrurga leptonyx, Arctocephalus tropicalis",12,"Australia, New Zealand and Southeast Indian Ocean",ANSEIO,Australia,AUS,258364,2,2020,7,2020,10,2020,https://www.marinemammalhabitat.org/portfolio-item/southern-australian-coastal-and-shelf-region/
29,IMMA,Southern Great Barrier Reef Lagoon and Coast IMMA,28ANSEIO202020IMMA,"Criterion B - Distribution and Abundance, Criterion C - Key Life Cycle Activities","B2, C1",Megaptera novaeangliae,1,"Balaenoptera acutorostrata, Dugong dugon, Orcaella heinsohni, Sousa sahulensis, Stenella longirostris, Pseudorca crassidens, Tursiops truncatus, Tursiops aduncus",8,"Australia, New Zealand and Southeast Indian Ocean",ANSEIO,Australia,AUS,84807,2,2020,7,2020,7,2020,https://www.marinemammalhabitat.org/portfolio-item/southern-great-barrier-reef-lagoon-coast/
30,IMMA,Southern Gulf of Carpentaria IMMA,29ANSEIO202020IMMA,"Criterion A - Species or Population Vulnerability, Criterion C - Key Life Cycle Activities","A, C1, C2","Dugong dugon, Orcaella heinsohni",2,"Pseudorca crassidens, Sousa sahulensis, Stenella longirostris roseiventris, Tursiops aduncus",4,"Australia, New Zealand and Southeast Indian Ocean",ANSEIO,Australia,AUS,49955,2,2020,7,2020,7,2020,https://www.marinemammalhabitat.org/portfolio-item/southern-gulf-carpentaria/
31,IMMA,Tikapa Moana Te Moananui a Toi Hauraki IMMA,30ANSEIO202020IMMA,"Criterion A - Species or Population Vulnerability, Criterion B - Distribution and Abundance, Criterion C - Key Life Cycle Activities, Criterion D - Special Attributes","A, B2, C2, D2","Balaenoptera edeni, Pseudorca crassidens, Balaenoptera musculus",3,"Orcinus orca, Pseudorca crassidens, Delphinus delphis, Globicephala melas, Ziphius cavirostris, Mesoplodon grayi, Berardius arnuxii, Balaenoptera borealis, Megaptera novaeangliae, Balaenoptera bonaerensis, Physeter macrocephalus",11,"Australia, New Zealand and Southeast Indian Ocean",ANSEIO,New Zealand,NZL,16990,2,2020,7,2020,7,2020,https://www.marinemammalhabitat.org/portfolio-item/tikapa-moana-te-moananui-a-toi-hauraki/
32,IMMA,Western Australian Humpback Whale Migration Route IMMA,31ANSEIO202020IMMA,Criterion C - Key Life Cycle Activities,"C1, C3",Megaptera novaeangliae,1,"Dugong dugon, Orcaella heinsohni, Sousa sahulensis, Stenella longirostris, Tursiops aduncus, Tursiops truncatus, Orcinus orca, Pseudorca crassidens, Balaenoptera musculus, Balaenoptera musculus brevicauda, Eubalaena australis, Balaenoptera physalus",12,"Australia, New Zealand and Southeast Indian Ocean",ANSEIO,Australia,AUS,293110,2,2020,7,2020,7,2020,https://www.marinemammalhabitat.org/portfolio-item/western-australian-humpback-whale-migration-route/
33,IMMA,Balaklava and the Southern Crimea IMMA,01BSCSEA212121IMMA,"Criterion A - Species or Population Vulnerability, Criterion B - Distribution and Abundance, Criterion C - Key Life Cycle Activities","A, B2, C1, C2",Tursiops truncatus ponticus,1,"Delphinus delphis ponticus, Phocoena phocoena relicta",2,"Black Sea, Turkish Straits System, and Caspian Sea",BSCSEA,Ukraine,UKR,1913,2,2021,10,2021,10,2021,https://www.marinemammalhabitat.org/portfolio-item/balaklava-and-the-southern-crimea-imma
34,IMMA,Caspian Seal Breeding Area IMMA,02BSCSEA212121IMMA,"Criterion A - Species or Population Vulnerability, Criterion C - Key Life Cycle Activities","A, C2, C3",Pusa caspica,1,NULL,0,"Black Sea, Turkish Straits System, and Caspian Sea",BSCSEA,"Kazakhstan, Russia","KAZ, RUS",56504,2,2021,10,2021,10,2021,https://www.marinemammalhabitat.org/portfolio-item/caspian-seal-breeding-area-imma
35,IMMA,Caspian Seal Moulting and Haul Out Areas IMMA,03BSCSEA212121IMMA,"Criterion A - Species or Population Vulnerability, Criterion C - Key Life Cycle Activities, Criterion D - Special Attributes","A, B2,D1",Pusa caspica,1,NULL,0,"Black Sea, Turkish Straits System, and Caspian Sea",BSCSEA,"Azerbaijan, Iran, Kazakhstan, Russia, Turkmenistan","AZE, IRN, RUS, KAZ, TKM",35351,2,2021,10,2021,10,2021,https://www.marinemammalhabitat.org/portfolio-item/caspian-seal-moulting-and-haul-out-areas-imma
36,IMMA,Caspian Seal Transitory Migration and Feeding Area IMMA,04BSCSEA212121IMMA,"Criterion A - Species or Population Vulnerability, Criterion C - Key Life Cycle Activities","A, C2, C3",Pusa caspica,1,NULL,0,"Black Sea, Turkish Straits System, and Caspian Sea",BSCSEA,"Azerbaijan, Iran, Kazakhstan, Russia, Turkmenistan","AZE, IRN, RUS, KAZ, TKM",164136,2,2021,10,2021,10,2021,https://www.marinemammalhabitat.org/portfolio-item/caspian-seal-transitory-migration-and-feeding-area-imma
37,IMMA,Colchis,05BSCSEA212121IMMA,"Criterion A - Species or Population Vulnerability, Criterion B - Distribution and Abundance, Criterion C - Key Life Cycle Activities","A, B2, C1, C2","Delphinus delphis ponticus, Phocoena phocoena relicta, Tursiops truncatus ponticus",3,NULL,0,"Black Sea, Turkish Straits System, and Caspian Sea",BSCSEA,Georgia,GEO,3475,2,2021,10,2021,10,2021,https://www.marinemammalhabitat.org/portfolio-item/colchis-imma
38,IMMA,Emona,06BSCSEA212121IMMA,"Criterion A - Species or Population Vulnerability, Criterion B - Distribution and Abundance, Criterion C - Key Life Cycle Activities","A, B2, C2",Tursiops truncatus ponticus,1,"Delphinus delphis ponticus, Phocoena phocoena relicta",2,"Black Sea, Turkish Straits System, and Caspian Sea",BSCSEA,Bulgaria ,BGR,2459,2,2021,10,2021,10,2021,https://www.marinemammalhabitat.org/portfolio-item/emona-imma
39,IMMA,Kaliakra to Danube Delta,07BSCSEA212121IMMA,"Criterion A - Species or Population Vulnerability, Criterion B - Distribution and Abundance, Criterion C - Key Life Cycle Activities","A, B2, C2","Phocoena phocoena relicta, Tursiops truncatus ponticus",2,Delphinus delphis ponticus,1,"Black Sea, Turkish Straits System, and Caspian Sea",BSCSEA,"Bulgaria, Romania, Ukraine","BGR, ROU, UKR",15445,2,2021,10,2021,10,2021,https://www.marinemammalhabitat.org/portfolio-item/kaliakra-to-danube-delta-imma
40,IMMA,Karadag and Opuk,08BSCSEA212121IMMA,"Criterion A - Species or Population Vulnerability, Criterion B - Distribution and Abundance, Criterion C - Key Life Cycle Activities, Criterion D - Special Attributes","A, B2, C1, C2, D1",Tursiops truncatus ponticus,1,"Delphinus delphis ponticus, Phocoena phocoena relicta",2,"Black Sea, Turkish Straits System, and Caspian Sea",BSCSEA,Ukraine,UKR,2079,2,2021,10,2021,10,2021,https://www.marinemammalhabitat.org/portfolio-item/karadag-and-opuk-imma
41,IMMA,Karkinit and Dzharylhach Gulfs,09BSCSEA212121IMMA,"Criterion A - Species or Population Vulnerability, Criterion B - Distribution and Abundance, Criterion C - Key Life Cycle Activities","A, B2, C1, C2","Delphinus delphis ponticus, Phocoena phocoena relicta, Tursiops truncatus ponticus",3,NULL,0,"Black Sea, Turkish Straits System, and Caspian Sea",BSCSEA,Ukraine,UKR,4313,2,2021,10,2021,10,2021,https://www.marinemammalhabitat.org/portfolio-item/karkinit-and-dzharylhach-gulfs-imma
42,IMMA,Kerch Strait and Taman Bay,10BSCSEA212121IMMA,"Criterion A - Species or Population Vulnerability, Criterion C - Key Life Cycle Activities","A, C2, C3",Phocoena phocoena relicta,1,Tursiops truncatus ponticus,1,"Black Sea, Turkish Straits System, and Caspian Sea",BSCSEA,"Russia, Ukraine","RUS, UKR",703,2,2021,10,2021,10,2021,https://www.marinemammalhabitat.org/portfolio-item/kerch-strait-and-taman-bay-imma
43,IMMA,Sea of Azov,11BSCSEA212121IMMA,"Criterion A - Species or Population Vulnerability, Criterion B - Distribution and Abundance, Criterion C - Key Life Cycle Activities, Criterion D - Special Attributes","A, B2, C2, D1",Phocoena phocoena relicta,1,NULL,0,"Black Sea, Turkish Straits System, and Caspian Sea",BSCSEA,"Russia, Ukraine","RUS, UKR",36851,2,2021,10,2021,10,2021,https://www.marinemammalhabitat.org/portfolio-item/sea-of-azov-imma
44,IMMA,Sinop,12BSCSEA212121IMMA,"Criterion A - Species or Population Vulnerability, Criterion B - Distribution and Abundance, Criterion C - Key Life Cycle Activities","A, B2, C2","Delphinus delphis ponticus, Phocoena phocoena relicta, Tursiops truncatus ponticus",3,NULL,0,"Black Sea, Turkish Straits System, and Caspian Sea",BSCSEA,Turkey,TUR,755,2,2021,10,2021,10,2021,https://www.marinemammalhabitat.org/portfolio-item/sinop-imma
45,IMMA,Turkish Straits System and Prebosphoric,13BSCSEA212121IMMA,"Criterion A - Species or Population Vulnerability, Criterion B - Distribution and Abundance, Criterion C - Key Life Cycle Activities","A, B2, C2, C3","Delphinus delphis ponticus, Phocoena phocoena relicta, Tursiops truncatus ponticus",3,NULL,0,"Black Sea, Turkish Straits System, and Caspian Sea",BSCSEA,Turkey,TUR,11697,2,2021,10,2021,10,2021,https://www.marinemammalhabitat.org/portfolio-item/turkish-straits-system-and-prebosphoric-imma
46,IMMA,Western Black Sea,14BSCSEA212121IMMA,"Criterion A - Species or Population Vulnerability, Criterion B - Distribution and Abundance, Criterion C - Key Life Cycle Activities","A, B2, C2",Phocoena phocoena relicta,1,"Delphinus delphis ponticus, Tursiops truncatus ponticus",2,"Black Sea, Turkish Straits System, and Caspian Sea",BSCSEA,"Bulgaria, Romania, Turkey","BGR, ROU, TUR",43912,2,2021,10,2021,10,2021,https://www.marinemammalhabitat.org/portfolio-item/western-black-sea-imma
47,IMMA,Madeira and Desertas Islands IMMA,01EURATL181919IMMA,"Criterion A - Species or Population Vulnerability, Criterion B - Distribution and Abundance","A, B1",Monachus monachus,1,Tursiops truncatus,1,Northeast Atlantic,EURATL,Madeira,PT30,759,4,2018,1,2019,1,2019,https://www.marinemammalhabitat.org/portfolio-item/madeira-desertas-islands/
48,IMMA,"Amsterdam Island, Saint Paul Complex and Associated Waters IMMA",01EXSOOC182020IMMA,Criterion C - Key Life Cycle Activities,"C1, C2",Arctocephalus tropicalis,1,"Orcinus orca, Physeter macrocephalus, Balaenoptera musculus brevicauda, Mirounga leonina",4,Extended Southern Ocean,EXSOOC,"Amsterdam and Saint Paul Islands, High Seas ","ATF, ABNJ",1431225,10,2018,5,2020,7,2020,https://www.marinemammalhabitat.org/portfolio-item/amsterdam-island-saint-paul-associated-waters/
49,IMMA,Bouvetoya and Surrounding Waters IMMA,02EXSOOC182020IMMA,"Criterion B - Distribution and Abundance, Criterion C - Key Life Cycle Activities","B2, C1, C2","Mirounga leonina, Arctocephalus gazella",2,"Megaptera novaeangliae, Ommatophoca rossii",2,Extended Southern Ocean,EXSOOC,"Bouvet Island, High Seas","BVT, ABNJ",817702,10,2018,5,2020,7,2020,https://www.marinemammalhabitat.org/portfolio-item/bouvetoya-surrounding-waters/
50,IMMA,Crozet Islands IMMA,03EXSOOC182020IMMA,"Criterion C - Key Life Cycle Activities, Criterion D - Special Attributes","C1, C2, D1","Orcinus orca, Mirounga leonina, Arctocephalus gazella, Arctocephalus tropicalis",4,"Physeter macrocephalus, Balaenoptera musculus intermedia, Balaenoptera musculus brevicauda",3,Extended Southern Ocean,EXSOOC,"Crozet Islands, High Seas","ATF, ABNJ",244650,10,2018,5,2020,7,2020,https://www.marinemammalhabitat.org/portfolio-item/crozet-islands/
51,IMMA,Gough Island and Surrounding Waters IMMA,04EXSOOC182020IMMA,"Criterion B - Distribution and Abundance, Criterion C - Key Life Cycle Activities","B2, C1, C2","Arctocephalus tropicalis, Mirounga leonina",2,"Tasmacetus shepherdi, Eubalaena australis, Megaptera novaeangliae, Globicephala melas, Orcinus orca, Balaenoptera physalus, Balaenoptera borealis, Balaenoptera bonaerensis, Physeter macrocephalus, Mesoplodon mirus, Mesoplodon bowdoini",11,Extended Southern Ocean,EXSOOC,"Tristan da Cunha, High Seas","TAA, ABNJ",471304,10,2018,5,2020,7,2020,https://www.marinemammalhabitat.org/portfolio-item/gough-island-surrounding-waters/
52,IMMA,Heard Islands Kerguelen and Surrounding Waters IMMA,05EXSOOC182020IMMA,"Criterion A - Species or Population Vulnerability, Criterion B - Distribution and Abundance, Criterion C - Key Life Cycle Activities","A, B1, C1, C2","Mirounga leonina, Arctocephalus gazella, Cephalorhynchus commersonii, Balaenoptera musculus",4,"Arctocephalus tropicalis, Physeter macrocephalus, Orcinus orca, Globicephala melas edwardii, Eubalaena australis, Balaenoptera acutorostrata, Balaenoptera bonaerensis, Megaptera novaeangliae, Hyperoodon planifrons, Ziphius cavirostris",10,Extended Southern Ocean,EXSOOC,"Heard and McDonald Islands, Kerguelen, High Seas","HMD, ATF, ABNJ",1767353,10,2018,5,2020,7,2020,https://www.marinemammalhabitat.org/portfolio-item/heard-island-kerguelen-surrounding-waters/
53,IMMA,Macquarie Island Ridge IMMA,06EXSOOC182020IMMA,"Criterion C - Key Life Cycle Activities, Criterion D - Special Attributes","C1, C2, D2","Arctocephalus gazella, Arctocephalus tropicalis, Arctocephalus forsteri, Mirounga leonina, Orcinus orca",5,"Physeter macrocephalus, Megaptera novaeangliae, Eubalaena australis, Balaenoptera acutorostrata, Berardius arnuxii, Mesoplodon bowdoini, Mesoplodon layardii, Ziphius cavirostris, Globicephala melas, Phocoena dioptrica, Lissodelphis peronii",11,Extended Southern Ocean,EXSOOC,Macquarie Island,AUMI,11851,10,2018,5,2020,7,2020,https://www.marinemammalhabitat.org/portfolio-item/macquarie-island-ridge/
54,IMMA,New Zealand Subantarctic Islands IMMA,07EXSOOC182020IMMA,"Criterion A - Species or Population Vulnerability, Criterion B - Distribution and Abundance, Criterion C - Key Life Cycle Activities","A, B1, C1, C2","Phocarctos hookeri, Eubalaena australis, Arctocephalus forsteri, Mirounga leonina",4,"Lagenorhynchus obscurus, Lagenorhynchus cruciger, Megaptera novaeangliae, Balaenoptera physalus, Balaenoptera musculus, Balaenoptera musculus brevicauda, Globicephala melas, Physeter macrocephalus, Orcinus orca, Hydrurga leptonyx",10,Extended Southern Ocean,EXSOOC,New Zealand,NZL,105928,10,2018,5,2020,7,2020,https://www.marinemammalhabitat.org/portfolio-item/new-zealand-subantarctic-islands/
55,IMMA,Prince Edward Islands and Western Oceanic Waters IMMA,08EXSOOC182020IMMA,Criterion C - Key Life Cycle Activities,"C1, C2","Mirounga leonina, Arctocephalus gazella, Arctocephalus tropicalis, Orcinus orca",4,"Hydrurga leptonyx, Globicephala melas edwardii, Physeter macrocephalus, Lagenorhynchus cruciger, Lagenorhynchus obscurus, Balaenoptera physalus, Balaenoptera borealis, Eubalaena australis, Mesoplodon layardii, Lissodelphis peronii",10,Extended Southern Ocean,EXSOOC,"Prince Edward Island, Marion Island, High Seas","ZAMI, ZAPE, ABNJ",2861819,10,2018,5,2020,7,2020,https://www.marinemammalhabitat.org/portfolio-item/prince-edward-islands-western-oceanic-waters/
56,IMMA,Ross Sea Ecosystem IMMA,09EXSOOC182020IMMA,"Criterion B - Distribution and Abundance, Criterion C - Key Life Cycle Activities, Criterion D - Special Attributes","B1, B2, C1, C2, C3, D1","Leptonychotes weddellii, Lobodon carcinophaga, Hydrurga leptonyx, Ommatophoca rossii, Orcinus orca, Balaenoptera bonaerensis, Berardius arnuxii",7,"Balaenoptera acutorostrata, Balaenoptera musculus intermedia, Balaenoptera physalus, Megaptera novaeangliae",4,Extended Southern Ocean,EXSOOC,"Antarctica, High Seas","ATA, ABNJ",1860969,10,2018,5,2020,7,2020,https://www.marinemammalhabitat.org/portfolio-item/ross-sea-ecosystem/
57,IMMA,Scotia Arc IMMA,10EXSOOC182020IMMA,"Criterion A - Species or Population Vulnerability, Criterion C - Key Life Cycle Activities, Criterion D - Special Attributes","A, C2, D2","Eubalaena australis, Megaptera novaeangliae, Balaenoptera physalus, Balaenoptera musculus, Balaenoptera borealis, Physeter macrocephalus",6,"Arctocephalus gazella, Leptonychotes weddellii, Mirounga leonina, Hydrurga leptonyx, Balaenoptera bonaerensis, Orcinus orca, Globicephala melas, Lagenorhynchus cruciger, Hyperoodon planifrons",9,Extended Southern Ocean,EXSOOC,South Georgia and the South Sandwich Islands,SGS,614480,10,2018,5,2020,7,2020,https://www.marinemammalhabitat.org/portfolio-item/scotia-arc/
58,IMMA,Scott Islands and Iselin Bank Complex IMMA,11EXSOOC182020IMMA,"Criterion A - Species or Population Vulnerability, Criterion C - Key Life Cycle Activities, Criterion D - Special Attributes","A, C2, D2","Megaptera novaeangliae, Balaenoptera musculus, Balaenoptera physalus, Balaenoptera bonaerensis",4,"Lobodon carcinophaga, Globicephala melas edwardii, Hydrurga leptonyx, Mirounga leonina, Orcinus orca, Balaenoptera acutorostrata",6,Extended Southern Ocean,EXSOOC,"Antarctica, High Seas","ATA, ABNJ",765120,10,2018,5,2020,7,2020,https://www.marinemammalhabitat.org/portfolio-item/scott-islands-iselin-bank/
59,IMMA,South Georgia IMMA,12EXSOOC182020IMMA,"Criterion B - Distribution and Abundance, Criterion C - Key Life Cycle Activities, Criterion D - Special Attributes","B2, C1, C2, D1","Arctocephalus gazella, Leptonychotes weddellii, Mirounga leonina",3,Hydrurga leptonyx,1,Extended Southern Ocean,EXSOOC,South Georgia and the South Sandwich Islands,SGS,423425,10,2018,5,2020,7,2020,https://www.marinemammalhabitat.org/portfolio-item/south-georgia/
60,IMMA,Western Antarctic Peninsula and Islands IMMA,13EXSOOC182020IMMA,"Criterion A - Species or Population Vulnerability, Criterion B - Distribution and Abundance, Criterion C - Key Life Cycle Activities, Criterion D - Special Attributes","A, B1, B2, C1, C2, D1, D2","Megaptera novaeangliae, Balaenoptera physalus, Balaenoptera bonaerensis, Orcinus orca, Arctocephalus gazella, Mirounga leonina, Hydrurga leptonyx, Lobodon carcinophaga, Leptonychotes weddellii",9,"Balaenoptera borealis, Balaenoptera musculus intermedia, Balaenoptera acutorostrata, Eubalaena australis, Hyperoodon planifrons, Berardius arnuxii, Lagenorhynchus cruciger",7,Extended Southern Ocean,EXSOOC,Antarctica,ATA,2441313,10,2018,5,2020,7,2020,https://www.marinemammalhabitat.org/portfolio-item/western-antarctic-peninsula-islands/
61,IMMA,Akamas and Chrysochou Bay IMMA,01MEDSEA161717IMMA,"Criterion A - Species or Population Vulnerability, Criterion C - Key Life Cycle Activities","A, C1",Monachus monachus,1,NULL,NULL,Mediterranean,MEDSEA,Cyprus,CYP,284,10,2016,5,2017,5,2017,https://www.marinemammalhabitat.org/portfolio-item/akamas-chrysochou-bay/
62,IMMA,Akrotiri IMMA,02MEDSEA161717IMMA,"Criterion A - Species or Population Vulnerability, Criterion C - Key Life Cycle Activities","A, C1",Monachus monachus,1,NULL,NULL,Mediterranean,MEDSEA,Cyprus,CYP,45,10,2016,5,2017,5,2017,https://www.marinemammalhabitat.org/portfolio-item/akrotiri/
63,IMMA,Alboran Corridor IMMA,03MEDSEA161717IMMA,"Criterion A - Species or Population Vulnerability, Criterion C - Key Life Cycle Activities","A, C3","Balaenoptera physalus, Physeter macrocephalus",2,"Orcinus orca, Stenella coeruleoalba, Delphinus delphis, Tursiops truncatus, Globicephala melas",5,Mediterranean,MEDSEA,"Gibraltar, Morocco, Spain","GIB, MCO, ESP",20217,10,2016,5,2017,5,2017,https://www.marinemammalhabitat.org/portfolio-item/alboran-corridor/
64,IMMA,Alboran Deep IMMA,04MEDSEA161718IMMA,"Criterion A - Species or Population Vulnerability, Criterion B - Distribution and Abundance, Criterion C - Key Life Cycle Activities, Criterion D - Special Attributes","A, B2, C1, C2, D2","Globicephala melas, Grampus griseus, Physeter macrocephalus, Ziphius cavirostris",4,"Balaenoptera physalus, Delphinus delphis, Tursiops truncatus",3,Mediterranean,MEDSEA,"Morocco, Spain","DZA, MCO, ESP",22660,10,2016,5,2017,1,2018,https://www.marinemammalhabitat.org/portfolio-item/alboran-deep/
65,IMMA,Alboran Sea IMMA,05MEDSEA161717IMMA,"Criterion A - Species or Population Vulnerability, Criterion B - Distribution and Abundance, Criterion C - Key Life Cycle Activities, Criterion D - Special Attributes","A, B2, C1, C2, D1, D2","Delphinus delphis, Tursiops truncatus",2,"Balaenoptera physalus, Globicephala melas, Orcinus orca, Grampus griseus, Physeter macrocephalus, Ziphius cavirostris, Stenella coeruleoalba",7,Mediterranean,MEDSEA,"Gibraltar, Morocco, Spain, Algeria","GIB, MCO, ESP",55938,10,2016,5,2017,5,2017,https://www.marinemammalhabitat.org/portfolio-item/alboran-sea/
66,IMMA,Balearic Islands Shelf and Slope IMMA,06MEDSEA161717IMMA,"Criterion A - Species or Population Vulnerability, Criterion C - Key Life Cycle Activities","A, C1, C2",Physeter macrocephalus,1,"Stenella coeruleoalba, Tursiops truncatus, Grampus griseus, Globicephala melas, Delphinus delphis",5,Mediterranean,MEDSEA,Spain,ESP,22708,10,2016,5,2017,5,2017,https://www.marinemammalhabitat.org/portfolio-item/balearic-islands-shelf-slope/
67,IMMA,Campanian and Pontino Archipelago IMMA,07MEDSEA161717IMMA,"Criterion A - Species or Population Vulnerability, Criterion C - Key Life Cycle Activities","A, C1, C2",Physeter macrocephalus,1,"Balaenoptera physalus, Grampus griseus, Physeter macrocephalus, Stenella coeruleoalba",4,Mediterranean,MEDSEA,Italy,ITA,4948,10,2016,5,2017,5,2017,https://www.marinemammalhabitat.org/portfolio-item/campanian-pontino-archipelago/
68,IMMA,Central Aegean IMMA,08MEDSEA161717IMMA,"Criterion A - Species or Population Vulnerability, Criterion C - Key Life Cycle Activities","A, C1",Monachus monachus,1,"Delphinus delphis, Tursiops truncatus, Stenella coeruleoalba",3,Mediterranean,MEDSEA,"Greece, Turkey","GRC, TUR",58265,10,2016,5,2017,5,2017,https://www.marinemammalhabitat.org/portfolio-item/central-aegean/
69,IMMA,Chios and Turkish Coast IMMA,09MEDSEA161717IMMA,"Criterion A - Species or Population Vulnerability, Criterion C - Key Life Cycle Activities","A, C1",Monachus monachus,1,NULL,NULL,Mediterranean,MEDSEA,"Greece, Turkey","GRC, TUR",3838,10,2016,5,2017,5,2017,https://www.marinemammalhabitat.org/portfolio-item/chios-turkish-coast/
70,IMMA,Cilician Basin IMMA,10MEDSEA161717IMMA,"Criterion A - Species or Population Vulnerability, Criterion C - Key Life Cycle Activities","A, C1",Monachus monachus,1,NULL,NULL,Mediterranean,MEDSEA,Turkey,TUR,714,10,2016,5,2017,5,2017,https://www.marinemammalhabitat.org/portfolio-item/cilician-basin/
71,IMMA,Coastal Shelf Waters of the South East Levatine Sea IMMA,11MEDSEA161717IMMA,"Criterion A - Species or Population Vulnerability, Criterion B - Distribution and Abundance, Criterion C - Key Life Cycle Activities, Criterion D - Special Attributes","A, B1, C1, C2, D1","Tursiops truncatus, Delphinus delphis",2,Monachus monachus,1,Mediterranean,MEDSEA,"Israel, Lebanon, Palestine","ISR, LBN, PSE",3813,10,2016,5,2017,5,2017,https://www.marinemammalhabitat.org/portfolio-item/coastal-shelf-waters-southeast-levantine-sea/
72,IMMA,Gulf of Ambracia IMMA,12MEDSEA161717IMMA,"Criterion A - Species or Population Vulnerability, Criterion B - Distribution and Abundance, Criterion C - Key Life Cycle Activities, Criterion D - Special Attributes","A, B1, C1, D1",Tursiops truncatus,1,NULL,NULL,Mediterranean,MEDSEA,Greece,GRC,401,10,2016,5,2017,5,2017,https://www.marinemammalhabitat.org/portfolio-item/gulf-of-ambracia/
73,IMMA,Gulf of Corinth IMMA,13MEDSEA161717IMMA,"Criterion A - Species or Population Vulnerability, Criterion B - Distribution and Abundance, Criterion C - Key Life Cycle Activities, Criterion D - Special Attributes","A, B1, B2, C1, C2, D1","Stenella coeruleoalba, Delphinus delphis",2,"Tursiops truncatus, Grampus griseus, Monachus monachus",3,Mediterranean,MEDSEA,Greece,GRC,2379,10,2016,5,2017,5,2017,https://www.marinemammalhabitat.org/portfolio-item/gulf-of-corinth/
74,IMMA,Hellenic Trench IMMA,14MEDSEA161718IMMA,"Criterion A - Species or Population Vulnerability, Criterion B - Distribution and Abundance, Criterion C - Key Life Cycle Activities, Criterion D - Special Attributes","A, B1, B2, C1, C2, D1, D2","Physeter macrocephalus, Ziphius cavirostris",2,"Stenella coeruleoalba, Grampus griseus, Delphinus delphis, Tursiops truncatus, Monachus monachus",5,Mediterranean,MEDSEA,"Greece, Turkey","GRC, TUR",56600,10,2016,5,2017,1,2018,https://www.marinemammalhabitat.org/portfolio-item/hellenic-trench/
75,IMMA,Ionian Archipelago IMMA,15MEDSEA161717IMMA,"Criterion A - Species or Population Vulnerability, Criterion B - Distribution and Abundance, Criterion C - Key Life Cycle Activities,","A, B1, C1, C2","Delphinus delphis, Monachus monachus",2,"Balaenoptera physalus, Tursiops truncatus, Ziphius cavirostris",3,Mediterranean,MEDSEA,"Albania, Greece","ALB, GRC",9606,10,2016,5,2017,5,2017,https://www.marinemammalhabitat.org/portfolio-item/ionian-archipelago/
76,IMMA,Kelibia IMMA,16MEDSEA161717IMMA,"Criterion A - Species or Population Vulnerability, Criterion B - Distribution and Abundance, Criterion C - Key Life Cycle Activities","A, B1, C1, C2",Tursiops truncatus,1,NULL,NULL,Mediterranean,MEDSEA,Tunisia,TUN,348,10,2016,5,2017,5,2017,https://www.marinemammalhabitat.org/portfolio-item/kelibia/
77,IMMA,Lampedusa IMMA,17MEDSEA161717IMMA,"Criterion A - Species or Population Vulnerability, Criterion B - Distribution and Abundance, Criterion C - Key Life Cycle Activities","A, B1, C1, C2","Balaenoptera physalus, Tursiops truncatus",2,"Delphinus delphis, Stenella coeruleoalba",2,Mediterranean,MEDSEA,"Italy, Tunisia","ITA, TUN",17527,10,2016,5,2017,5,2017,https://www.marinemammalhabitat.org/portfolio-item/lampedusa/
78,IMMA,"North West Mediterranean Sea, Slope and Canyon System IMMA",18MEDSEA161717IMMA,"Criterion A - Species or Population Vulnerability, Criterion B - Distribution and Abundance, Criterion C - Key Life Cycle Activities, Criterion D - Special Attributes","A, B2, C1, C2, D2","Balaenoptera physalus, Physeter macrocephalus, Grampus griseus",3,"Stenella coeruleoalba, Globicephala melas, Delphinus delphis, Ziphius cavirostris, Tursiops truncatus",5,Mediterranean,MEDSEA,"France, Italy, Monaco, Spain","FRA, ITA, MCO, ESP",145297,10,2016,5,2017,5,2017,https://www.marinemammalhabitat.org/portfolio-item/north-western-mediterranean-sea-slope-canyon-system/
79,IMMA,Northern Adriatic IMMA,19MEDSEA161717IMMA,"Criterion A - Species or Population Vulnerability, Criterion B - Distribution and Abundance, Criterion C - Key Life Cycle Activities, Criterion D - Special Attributes","A, B2, C1, D1",Tursiops truncatus,1,NULL,NULL,Mediterranean,MEDSEA,"Croatia, Italy, Slovenia","HRV, ITA, SVN",33437,10,2016,5,2017,5,2017,https://www.marinemammalhabitat.org/portfolio-item/northern-adriatic/
80,IMMA,Northern Coast and Islands of the Thracian Sea IMMA,20MEDSEA161717IMMA,"Criterion A - Species or Population Vulnerability, Criterion C - Key Life Cycle Activities","A, C1, C2",Phocoena phocoena,1,"Delphinus delphis, Tursiops truncatus, Stenella coeruleoalba, Monachus monachus",4,Mediterranean,MEDSEA,"Greece, Turkey","GRC, TUR",5441,10,2016,5,2017,5,2017,https://www.marinemammalhabitat.org/portfolio-item/northern-coast-thracian-sea/
81,IMMA,Northern Coast of Cyprus IMMA,21MEDSEA161717IMMA,"Criterion A - Species or Population Vulnerability, Criterion C - Key Life Cycle Activities","A, C1, C2",Monachus monachus,1,NULL,NULL,Mediterranean,MEDSEA,Cyprus,CYP,518,10,2016,5,2017,5,2017,https://www.marinemammalhabitat.org/portfolio-item/northern-coast-cyprus/
82,IMMA,Northern Sporades IMMA,22MEDSEA161717IMMA,"Criterion A - Species or Population Vulnerability, Criterion C - Key Life Cycle Activities","A, C1",Monachus monachus,1,"Delphinus delphis, Tursiops truncatus, Stenella coeruleoalba, Grampus griseus, Ziphius cavirostris, Physeter macrocephalus",6,Mediterranean,MEDSEA,Greece,GRC,10623,10,2016,5,2017,5,2017,https://www.marinemammalhabitat.org/portfolio-item/northern-sporades/
83,IMMA,Shelf of the Gulf of Lion IMMA,23MEDSEA161717IMMA,"Criterion A - Species or Population Vulnerability, Criterion C - Key Life Cycle Activities","A, C1, C2",Tursiops truncatus,1,"Balaenoptera physalus, Tursiops truncatus, Stenella coeruleoalba, Grampus griseus, Ziphius cavirostris, Physeter macrocephalus",6,Mediterranean,MEDSEA,"France, Spain","FRA, ESP",13003,10,2016,5,2017,5,2017,https://www.marinemammalhabitat.org/portfolio-item/shelf-gulf-lion/
84,IMMA,Strait of Gibraltar and Gulf of Cadiz IMMA,24MEDSEA161717IMMA,"Criterion A - Species or Population Vulnerability, Criterion B - Distribution and Abundance, Criterion C - Key Life Cycle Activities, Criterion D - Special Attributes","A, B1, C1, C2, D1, D2",Orcinus orca,1,"Tursiops truncatus, Stenella coeruleoalba, Globicephala melas, Delphinus delphis, Grampus griseus, Physeter macrocephalus, Balaenoptera physalus",7,Mediterranean,MEDSEA,"Morocco, Spain","GIB, MCO, ESP",4538,10,2016,5,2017,5,2017,https://www.marinemammalhabitat.org/portfolio-item/strait-gibraltar-gulf-cadiz/
85,IMMA,Waters of Ischia and Ventotene IMMA,25MEDSEA161717IMMA,"Criterion A - Species or Population Vulnerability, Criterion C - Key Life Cycle Activities","A, C1, C2","Balaenoptera physalus, Tursiops truncatus, Delphinus delphis",3,"Physeter macrocephalus, Grampus griseus, Stenella coeruleoalba",3,Mediterranean,MEDSEA,Italy,ITA,1068,10,2016,5,2017,5,2017,https://www.marinemammalhabitat.org/portfolio-item/waters-ischia-ventotene/
86,IMMA,Western Ligurian Sea and Genoa Canyon IMMA,26MEDSEA161718IMMA,"Criterion A - Species or Population Vulnerability, Criterion B - Distribution and Abundance, Criterion C - Key Life Cycle Activities","A, B1, B2, C1, C2",Ziphius cavirostris,1,"Stenella coeruleoalba, Physeter macrocephalus, Globicephala melas, Balaenoptera physalus, Grampus griseus",5,Mediterranean,MEDSEA,"France, Italy","FRA, ITA",8526,10,2016,5,2017,1,2018,https://www.marinemammalhabitat.org/portfolio-item/western-ligurian-sea-genoa-canyon/
87,IMMA,Babuyan Marine Corridor IMMA,01NIOSEA181919IMMA,"Criterion A - Species or Population Vulnerability, Criterion B - Distribution and Abundance, Criterion C - Key Life Cycle Activities, Criterion D - Special Attributes","A, B1, C1, C2, D2","Megaptera novaeangliae, Steno bredanensis",2,"Physeter macrocephalus, Globicephala macrorhynchus, Pseudorca crassidens, Feresa attenuata, Peponocephala electra, Kogia sima, Stenella attenuata, Stenella longirostris, Tursiops truncatus, Grampus griseus, Lagenodelphis hosei",11,Northeast Indian Ocean and Southeast Asian Seas,NIOSEA,Philippines,PHL,16893,3,2018,1,2019,1,2019,https://www.marinemammalhabitat.org/portfolio-item/babuyan-marine-corridor/
88,IMMA,"Balikpapan, Adang and Apar Bays IMMA",02NIOSEA181919IMMA,"Criterion A - Species or Population Vulnerability, Criterion B - Distribution and Abundance, Criterion C - Key Life Cycle Activities, Criterion D - Special Attributes","A, B1, C1, C2, D1","Orcaella brevirostris, Dugong dugon",2,"Neophocaena phocaenoides, Tursiops aduncus",2,Northeast Indian Ocean and Southeast Asian Seas,NIOSEA,Indonesia,IDN,6285,3,2018,1,2019,1,2019,https://www.marinemammalhabitat.org/portfolio-item/balikpapan-adang-apar-bays/
89,IMMA,"Berau and East Kutai District, Kalimantan IMMA",03NIOSEA181920IMMA,"Criterion A - Species or Population Vulnerability, Criterion B - Distribution and Abundance, Criterion C - Key Life Cycle Activities, Criterion D - Special Attributes","A, B1, C1, C2, D2","Orcaella brevirostris, Sousa chinensis, Physeter macrocephalus",3,"Balaenoptera omurai, Delphinus delphis tropicalis, Delphinus delphis, Dugong dugon, Feresa attenuata, Globicephala macrorhynchus, Grampus griseus, Kogia sima, Kogia breviceps, Lagenodelphis hosei, Megaptera novaeangliae, Neophocaena phocaenoides, Orcinus orca, Peponocephala electra, Pseudorca crassidens, Stenella longirostris, Stenella longirostris roseiventris, Stenella attenuata, Stenella coeruleoalba, Tursiops aduncus, Steno bredanensis, Tursiops truncatus, Ziphius cavirostris",23,Northeast Indian Ocean and Southeast Asian Seas,NIOSEA,Indonesia,IDN,19470,3,2018,1,2019,7,2020,https://www.marinemammalhabitat.org/portfolio-item/berau-east-kutai-district/
90,IMMA,Bintuni Bay IMMA,04NIOSEA181919IMMA,"Criterion A - Species or Population Vulnerability, Criterion C - Key Life Cycle Activities","A, C2",Sousa sahulensis,1,"Stenella longirostris, Tursiops aduncus, Tursiops truncatus, Balaenoptera edeni",4,Northeast Indian Ocean and Southeast Asian Seas,NIOSEA,Indonesia,IDN,5558,3,2018,1,2019,1,2019,https://www.marinemammalhabitat.org/portfolio-item/bituni-bay-west-papua/
91,IMMA,Bohol Sea IMMA,05NIOSEA181919IMMA,"Criterion A - Species or Population Vulnerability, Criterion B - Distribution and Abundance, Criterion D - Special Attributes","A, B2, D2","Balaenoptera musculus, Physeter macrocephalus, Peponocephala electra, Lagenodelphis hosei",4,"Balaenoptera edeni, Balaenoptera omurai, Feresa attenuata, Grampus griseus, Globicephala macrorhynchus, Kogia sima, Kogia breviceps, Mesoplodon densirostris, Orcinus orca, Pseudorca crassidens, Stenella attenuata, Stenella longirostris, Stenella longirostris roseiventris, Steno bredanensis, Tursiops truncatus",15,Northeast Indian Ocean and Southeast Asian Seas,NIOSEA,Philippines,PHL,29517,3,2018,1,2019,1,2019,https://www.marinemammalhabitat.org/portfolio-item/bohol-sea/
92,IMMA,Buleleng IMMA,06NIOSEA181919IMMA,"Criterion B - Distribution and Abundance, Criterion C - Key Life Cycle Activities","B2, C1","Stenella longirostris, Lagenodelphis hosei",2,"Grampus griseus, Globicephala macrorhynchus, Stenella attenuata, Tursiops truncatus",4,Northeast Indian Ocean and Southeast Asian Seas,NIOSEA,Indonesia,IDN,583,3,2018,1,2019,1,2019,https://www.marinemammalhabitat.org/portfolio-item/buleleng/
93,IMMA,Chilika Lagoon IMMA,07NIOSEA181919IMMA,"Criterion A - Species or Population Vulnerability, Criterion B - Distribution and Abundance","A, B1",Orcaella brevirostris,1,NULL,NULL,Northeast Indian Ocean and Southeast Asian Seas,NIOSEA,India,IND,319,3,2018,1,2019,1,2019,https://www.marinemammalhabitat.org/portfolio-item/chilika-lagoon/
94,IMMA,Coastal Northern Bay of Bengal IMMA,08NIOSEA181919IMMA,"Criterion A - Species or Population Vulnerability, Criterion B - Distribution and Abundance, Criterion C - Key Life Cycle Activities, Criterion D - Special Attributes","A, B2, C1, D1","Orcaella brevirostris, Sousa chinensis, Neophocaena phocaenoides",3,"Balaenoptera edeni, Tursiops aduncus",2,Northeast Indian Ocean and Southeast Asian Seas,NIOSEA,"Bangladesh, India","BGD, IND",40112,3,2018,1,2019,1,2019,https://www.marinemammalhabitat.org/portfolio-item/coastal-northern-bay-bengal/
95,IMMA,Con Dao IMMA,09NIOSEA181919IMMA,"Criterion A - Species or Population Vulnerability, Criterion B - Distribution and Abundance, Criterion C - Key Life Cycle Activities","A, B1, C2",Dugong dugon,1,Kogia breviceps,1,Northeast Indian Ocean and Southeast Asian Seas,NIOSEA,Vietnam,VNM,869,3,2018,1,2019,1,2019,https://www.marinemammalhabitat.org/portfolio-item/con-dao/
96,IMMA,Eastern Lesser Sunda Islands and Timor Coastal Area IMMA,10NIOSEA181919IMMA,"Criterion A - Species or Population Vulnerability, Criterion B - Distribution and Abundance, Criterion C - Key Life Cycle Activities","A, B1, C2",Dugong dugon,1,"Stenella attenuata, Peponocephala electra, Grampus griseus",3,Northeast Indian Ocean and Southeast Asian Seas,NIOSEA,"Timor-Leste, Indonesia","IDN, TLS",1260,3,2018,1,2019,1,2019,https://www.marinemammalhabitat.org/portfolio-item/lesser-sunda-timor-coast/
97,IMMA,Gulf of Mannar and Palk Bay IMMA,11NIOSEA181919IMMA,"Criterion A - Species or Population Vulnerability, Criterion B - Distribution and Abundance, Criterion C - Key Life Cycle Activities","A, B1, C2",Dugong dugon,1,NULL,NULL,Northeast Indian Ocean and Southeast Asian Seas,NIOSEA,"India, Sri Lanka","IND, LKA",20663,3,2018,1,2019,1,2019,https://www.marinemammalhabitat.org/portfolio-item/gulf-mannar-palk-bay/
98,IMMA,Iloilo and Guimaras Straits IMMA,12NIOSEA181919IMMA,"Criterion A - Species or Population Vulnerability, Criterion C - Key Life Cycle Activities","A, B1",Orcaella brevirostris,1,"Tursiops aduncus, Grampus griseus, Pseudorca crassidens, Kogia sima, Stenella attenuata, Dugong dugon, Globicephala macrorhynchus",7,Northeast Indian Ocean and Southeast Asian Seas,NIOSEA,Philippines,PHL,340,3,2018,1,2019,1,2019,https://www.marinemammalhabitat.org/portfolio-item/iloilo-guimaras-straits/
99,IMMA,"Kaimana, West Papua IMMA",13NIOSEA181919IMMA,"Criterion A - Species or Population Vulnerability, Criterion B - Distribution and Abundance, Criterion C - Key Life Cycle Activities","A, B2, C2","Sousa sahulensis, Tursiops aduncus, Balaenoptera edeni, Dugong dugon",4,"Stenella longirostris, Stenella attenuata",2,Northeast Indian Ocean and Southeast Asian Seas,NIOSEA,Indonesia,IDN,2173,3,2018,1,2019,1,2019,https://www.marinemammalhabitat.org/portfolio-item/kaimana-west-papua/
100,IMMA,Kien Giang and Kep Archipelago IMMA,14NIOSEA181919IMMA,"Criterion A - Species or Population Vulnerability, Criterion C - Key Life Cycle Activities","A, C2","Orcaella brevirostris, Dugong dugon",2,"Neophocaena phocaenoides, Tursiops aduncus, Pseudorca crassidens, Sousa chinensis, Stenella attenuata, Balaenoptera edeni",6,Northeast Indian Ocean and Southeast Asian Seas,NIOSEA,"Cambodia, Vietnam","KHM, VNM",8889,3,2018,1,2019,1,2019,https://www.marinemammalhabitat.org/portfolio-item/kien-giang-kep-archipelago/
101,IMMA,Kuching Bay IMMA,15NIOSEA181919IMMA,"Criterion A - Species or Population Vulnerability, Criterion B - Distribution and Abundance","A, B1","Orcaella brevirostris, Sousa chinensis, Neophocaena phocaenoides",3,Tursiops aduncus,1,Northeast Indian Ocean and Southeast Asian Seas,NIOSEA,Malaysia,MYS,475,3,2018,1,2019,1,2019,https://www.marinemammalhabitat.org/portfolio-item/kuching-bay/
102,IMMA,Malampaya Sound IMMA,16NIOSEA181919IMMA,"Criterion A - Species or Population Vulnerability, Criterion B - Distribution and Abundance, Criterion D - Special Attributes","A, B1, D1",Orcaella brevirostris,1,Tursiops truncatus,1,Northeast Indian Ocean and Southeast Asian Seas,NIOSEA,Philippines,PHL,197,3,2018,1,2019,1,2019,https://www.marinemammalhabitat.org/portfolio-item/malampaya-sound/
103,IMMA,Matang Mangroves and Coastal Waters IMMA,17NIOSEA181919IMMA,"Criterion A - Species or Population Vulnerability, Criterion B - Distribution and Abundance, Criterion C - Key Life Cycle Activities","A, B2, C1, C2","Orcaella brevirostris, Sousa chinensis, Neophocaena phocaenoides",3,"Tursiops aduncus, Stenella longirostris",2,Northeast Indian Ocean and Southeast Asian Seas,NIOSEA,Malaysia,MYS,2386,3,2018,1,2019,1,2019,https://www.marinemammalhabitat.org/portfolio-item/matang-mangroves-coastal-waters/
104,IMMA,Mersing Archipelago IMMA,18NIOSEA181919IMMA,"Criterion A - Species or Population Vulnerability, Criterion B - Distribution and Abundance, Criterion C - Key Life Cycle Activities, Criterion D - Special Attributes","A, B2, C1, C2, D1",Dugong dugon,1,"Neophocaena phocaenoides, Orcaella brevirostris, Sousa chinensis, Tursiops aduncus, Delphinus delphis tropicalis",5,Northeast Indian Ocean and Southeast Asian Seas,NIOSEA,Malaysia,MYS,1244,3,2018,1,2019,1,2019,https://www.marinemammalhabitat.org/portfolio-item/mersing-archipelago/
105,IMMA,Satun-Langkawi Archipelago IMMA,19NIOSEA181919IMMA,"Criterion A - Species or Population Vulnerability, Criterion B - Distribution and Abundance, Criterion C - Key Life Cycle Activities","A, B2, C1, C2","Orcaella brevirostris, Sousa chinensis, Neophocaena phocaenoides",3,"Dugong dugon, Stenella longirostris, Tursiops aduncus, Balaenoptera edeni",4,Northeast Indian Ocean and Southeast Asian Seas,NIOSEA,"Malaysia, Thailand","MYS, THA",5493,3,2018,1,2019,1,2019,https://www.marinemammalhabitat.org/portfolio-item/satun-langkawi-archipelago/
106,IMMA,Savu Sea and Surrounding Areas IMMA,20NIOSEA181919IMMA,"Criterion A - Species or Population Vulnerability, Criterion B - Distribution and Abundance, Criterion C - Key Life Cycle Activities, Criterion D - Special Attributes","A, B1, B2, C1, C2, C3, D2","Physeter macrocephalus, Stenella longirostris, Peponocephala electra, Lagenodelphis hosei, Balaenoptera musculus, Tursiops aduncus",6,"Stenella attenuata, Grampus griseus, Feresa attenuata, Kogia sima, Kogia breviceps, Globicephala macrorhynchus, Orcinus orca, Pseudorca crassidens, Steno bredanensis, Ziphius cavirostris, Balaenoptera edeni, Megaptera novaeangliae, Tursiops truncatus, Dugong dugon",14,Northeast Indian Ocean and Southeast Asian Seas,NIOSEA,"Indonesia, Timor-Leste","IDN, TLS",160512,3,2018,1,2019,1,2019,https://www.marinemammalhabitat.org/portfolio-item/savu-sea-surrounding-area/
107,IMMA,Similajau-Kuala Nyalau Coastline IMMA,21NIOSEA181919IMMA,"Criterion A - Species or Population Vulnerability, Criterion B - Distribution and Abundance","A, B1","Orcaella brevirostris, Sousa chinensis, Neophocaena phocaenoides",3,NULL,NULL,Northeast Indian Ocean and Southeast Asian Seas,NIOSEA,Malaysia,MYS,1235,3,2018,1,2019,1,2019,https://www.marinemammalhabitat.org/portfolio-item/similajau-kuala-nyalau-coastline/
108,IMMA,South West to Eastern Sri Lanka IMMA,22NIOSEA181919IMMA,"Criterion A - Species or Population Vulnerability, Criterion B - Distribution and Abundance, Criterion C - Key Life Cycle Activities, Criterion D - Special Attributes","A, B2, C1, C2, D2","Balaenoptera musculus, Physeter macrocephalus, Stenella longirostris",3,"Balaenoptera edeni, Balaenoptera omurai, Stenella attenuata, Stenella coeruleoalba, Tursiops truncatus, Steno bredanensis, Lagenodelphis hosei, Grampus griseus, Globicephala macrorhynchus, Peponocephala electra, Pseudorca crassidens, Feresa attenuata, Orcinus orca, Kogia sima, Kogia breviceps",15,Northeast Indian Ocean and Southeast Asian Seas,NIOSEA,Sri Lanka,LKA,28699,3,2018,1,2019,1,2019,https://www.marinemammalhabitat.org/portfolio-item/southwest-east-sri-lanka/
109,IMMA,Southern Andaman Islands IMMA,23NIOSEA181919IMMA,"Criterion A - Species or Population Vulnerability, Criterion C - Key Life Cycle Activities, Criterion D - Special Attributes","A, C1, C2, D2","Dugong dugon, Tursiops aduncus",2,"Stenella longirostris, Stenella attenuata, Stenella coeruleoalba, Lagenodelphis hosei, Grampus griseus, Orcinus orca, Pseudorca crassidens, Peponocephala electra, Globicephala macrorhynchus, Indopacetus pacificus, Ziphius cavirostris, Kogia sima, Physeter macrocephalus, Balaenoptera omurai",14,Northeast Indian Ocean and Southeast Asian Seas,NIOSEA,Andaman and Nicobar Islands,INAN,14441,3,2018,1,2019,1,2019,https://www.marinemammalhabitat.org/portfolio-item/southern-andaman-islands/
110,IMMA,Southern Bali Peninsula and Adjacent Slope IMMA,24NIOSEA181919IMMA,"Criterion C - Key Life Cycle Activities, Criterion D - Special Attributes","C2, D2","Balaenoptera edeni, Stenella longirostris",2,"Physeter macrocephalus, Balaenoptera musculus, Balaenoptera omurai, Feresa attenuata, Globicephala macrorhynchus, Grampus griseus, Lagenodelphis hosei, Megaptera novaeangliae, Orcinus orca, Pseudorca crassidens, Stenella attenuata, Steno bredanensis, Tursiops truncatus",13,Northeast Indian Ocean and Southeast Asian Seas,NIOSEA,Indonesia,IDN,2239,3,2018,1,2019,1,2019,https://www.marinemammalhabitat.org/portfolio-item/southern-bali-peninsula-slope/
111,IMMA,Sundarbans IMMA,25NIOSEA181919IMMA,"Criterion A - Species or Population Vulnerability, Criterion B - Distribution and Abundance","A, B2","Orcaella brevirostris, Platanista gangetica",2,"Sousa chinensis, Neophocaena phocaenoides",2,Northeast Indian Ocean and Southeast Asian Seas,NIOSEA,"Bangladesh, India","BGD, IND",3663,3,2018,1,2019,1,2019,https://www.marinemammalhabitat.org/portfolio-item/sundarbans/
112,IMMA,Swatch-of-No-Ground IMMA,26NIOSEA181919IMMA,"Criterion B - Distribution and Abundance, Criterion D - Special Attributes","B2, D1","Tursiops aduncus, Balaenoptera edeni",2,"Stenella attenuata, Stenella longirostris, Steno bredanensis, Pseudorca crassidens",4,Northeast Indian Ocean and Southeast Asian Seas,NIOSEA,"Bangladesh, India","BGD, IND",1960,3,2018,1,2019,1,2019,https://www.marinemammalhabitat.org/portfolio-item/swatch-of-no-ground/
113,IMMA,Tanon Strait IMMA,27NIOSEA181919IMMA,"Criterion B - Distribution and Abundance, Criterion C - Key Life Cycle Activities, Criterion D - Special Attributes","B1, C2, C3, D2","Tursiops aduncus, Stenella longirostris",2,"Tursiops aduncus, Stenella longirostris, Grampus griseus, Globicephala macrorhynchus, Kogia sima, Peponocephala electra, Pseudorca crassidens, Stenella attenuata",8,Northeast Indian Ocean and Southeast Asian Seas,NIOSEA,Philippines,PHL,5371,3,2018,1,2019,1,2019,https://www.marinemammalhabitat.org/portfolio-item/tanon-strait/
114,IMMA,Tolitoli IMMA,28NIOSEA181919IMMA,"Criterion A - Species or Population Vulnerability, Criterion C - Key Life Cycle Activities","A, C1, C2",Dugong dugon,1,NULL,NULL,Northeast Indian Ocean and Southeast Asian Seas,NIOSEA,Indonesia,IDN,2467,3,2018,1,2019,1,2019,https://www.marinemammalhabitat.org/portfolio-item/tolitoli/
115,IMMA,Wakatobi and Adjacent Waters IMMA,29NIOSEA181919IMMA,"Criterion A - Species or Population Vulnerability, Criterion B - Distribution and Abundance, Criterion C - Key Life Cycle Activities, Criterion D - Special Attributes","A, B2, C2, D2","Physeter macrocephalus, Stenella longirostris",2,"Balaenoptera musculus, Ziphius cavirostris, Peponocephala electra, Tursiops truncatus, Grampus griseus, Stenella attenuata, Balaenoptera edeni, Globicephala macrorhynchus, Tursiops aduncus",9,Northeast Indian Ocean and Southeast Asian Seas,NIOSEA,Indonesia,IDN,26815,3,2018,1,2019,1,2019,https://www.marinemammalhabitat.org/portfolio-item/wakatobi-adjacent-waters/
116,IMMA,Western Lesser Sunda Islands and Sumba Coastal Area IMMA,30NIOSEA181919IMMA,"Criterion A - Species or Population Vulnerability, Criterion B - Distribution and Abundance, Criterion C - Key Life Cycle Activities","A, B1, C2",Dugong dugon,1,"Stenella longirostris, Stenella attenuata",2,Northeast Indian Ocean and Southeast Asian Seas,NIOSEA,Indonesia,IDN,759,3,2018,1,2018,1,2019,https://www.marinemammalhabitat.org/portfolio-item/lesser-sunda-sumba-coast/
117,IMMA,Austral Archipelago IMMA,01PACISL171717IMMA,"Criterion A - Species or Population Vulnerability, Criterion B - Distribution and Abundance, Criterion C - Key Life Cycle Activities","A, B2, C1",Megaptera novaeangliae,1,"Physeter macrocephalus, Stenella longirostris, Tursiops truncatus, Ziphius cavirostris, Mesoplodon densirostris, Stenella attenuata, Steno bredanensis",7,Pacific Islands,PACISL,French Polynesia,PYF,32291,3,2017,10,2017,10,2017,https://www.marinemammalhabitat.org/portfolio-item/austral-archipelago/
118,IMMA,Bismarck Sea IMMA,02PACISL171717IMMA,"Criterion A - Species or Population Vulnerability, Criterion C - Key Life Cycle Activities, Criterion D - Special Attributes","A, C1, C2, D2","Orcinus orca, Physeter macrocephalus",2,"Stenella longirostris, Tursiops truncatus, Tursiops aduncus, Stenella attenuata, Grampus griseus, Globicephala macrorhynchus, Ziphius cavirostris",7,Pacific Islands,PACISL,Papua New Guinea,PNG,22533,3,2017,10,2017,10,2017,https://www.marinemammalhabitat.org/portfolio-item/bismarck-sea/
119,IMMA,Chesterfield-Bellona Coral Reef Complex and Seamounts IMMA,03PACISL172020IMMA,"Criterion A - Species or Population Vulnerability, Criterion B - Distribution and Abundance, Criterion C - Key Life Cycle Activities","A, B2, C1, C3",Megaptera novaeangliae,1,"Stenella longirostris, Tursiops aduncus",2,Pacific Islands,PACISL,"New Caledonia, High Seas","NCL, ABNJ",59852,3,2017,7,2020,7,2020,https://www.marinemammalhabitat.org/portfolio-item/chesterfield-bellona-coral-reef-complex-seamounts/
120,IMMA,Cook Islands Southern Group IMMA,04PACISL171717IMMA,"Criterion A - Species or Population Vulnerability, Criterion B - Distribution and Abundance, Criterion C - Key Life Cycle Activities, Criterion D - Special Attributes","A, B1, C1, C3, D2","Megaptera novaeangliae, Stenella longirostris",2,"Balaenoptera bonaerensis, Mesoplodon densirostris, Balaenoptera musculus, Balaenoptera edeni, Ziphius cavirostris, Pseudorca crassidens, Balaenoptera physalus, Lagenodelphis hosei, Peponocephala electra, Balaenoptera omurai, Feresa attenuata, Steno bredanensis, Balaenoptera borealis, Globicephala macrorhynchus, Physeter macrocephalus",15,Pacific Islands,PACISL,"Cook Islands, French Polynesia, High Seas","COK, PYF, ABNJ",431498,3,2017,10,2017,10,2017,https://www.marinemammalhabitat.org/portfolio-item/cook-islands-southern-group/
121,IMMA,Kikori Delta IMMA,05PACISL171717IMMA,"Criterion A - Species or Population Vulnerability, Criterion B - Distribution and Abundance, Criterion C - Key Life Cycle Activities","A, B1, B2, C1, C2","Orcaella heinsohni, Sousa sahulensis",2,"Tursiops aduncus, Dugong dugon",2,Pacific Islands,PACISL,Papua New Guinea,PNG,2032,3,2017,10,2017,10,2017,https://www.marinemammalhabitat.org/portfolio-item/kikori-delta/
122,IMMA,Kona Coast of Hawaii Island IMMA,06PACISL171717IMMA,"Criterion B - Distribution and Abundance, Criterion D - Special Attributes","B1, B2, D1",Stenella longirostris,1,NULL,NULL,Pacific Islands,PACISL,United States,USA,97,3,2017,10,2017,10,2017,https://www.marinemammalhabitat.org/portfolio-item/kona-coast-hawaii-island/
123,IMMA,Main Hawaiian Archipelago IMMA,07PACISL171717IMMA,"Criterion A - Species or Population Vulnerability, Criterion B - Distribution and Abundance, Criterion C - Key Life Cycle Activities, Criterion D - Special Attributes","A, B1, C1, D2","Stenella longirostris, Tursiops truncatus, Feresa attenuata, Globicephala macrorhynchus, Mesoplodon densirostris, Peponocephala electra, Kogia sima, Stenella attenuata, Steno bredanensis, Ziphius cavirostris, Pseudorca crassidens, Megaptera novaeangliae",12,"Neomonachus schauinslandi, Stenella coeruleoalba, Steno bredanensis, Grampus griseus, Kogia breviceps, Physeter macrocephalus, Indopacetus pacificus, Balaenoptera physalus, Balaenoptera acutorostrata, Balaenoptera borealis",10,Pacific Islands,PACISL,United States,USA,61950,3,2017,10,2017,10,2017,https://www.marinemammalhabitat.org/portfolio-item/main-hawaiian-archipelago/
124,IMMA,Main Hawaiian Islands IMMA,08PACISL171717IMMA,"Criterion A - Species or Population Vulnerability, Criterion C - Key Life Cycle Activities","A, C1",Neomonachus schauinslandi,1,"Stenella longirostris, Tursiops truncatus, Feresa attenuata, Globicephala macrorhynchus, Kogia sima, Mesoplodon densirostris, Peponocephala electra, Stenella attenuata, Steno bredanensis, Ziphius cavirostris, Pseudorca crassidens, Megaptera novaeangliae",12,Pacific Islands,PACISL,United States,USA,6396,3,2017,10,2017,10,2017,https://www.marinemammalhabitat.org/portfolio-item/main-hawaiian-islands/
125,IMMA,Main Solomon Islands IMMA,09PACISL171717IMMA,"Criterion A - Species or Population Vulnerability, Criterion B - Distribution and Abundance, Criterion D - Special Attributes","A, B1, B2, D2","Tursiops aduncus, Dugong dugon, Balaenoptera omurai",3,"Physeter macrocephalus, Peponocephala electra, Mesoplodon densirostris, Lagenodelphis hosei, Kogia breviceps, Ziphius cavirostris, Globicephala macrorhynchus, Pseudorca crassidens, Balaenoptera acutorostrata, Orcinus orca, Stenella attenuata, Steno bredanensis, Tursiops truncatus, Stenella coeruleoalba, Grampus griseus, Delphinus delphis, Orcaella brevirostris, Stenella longirostris",18,Pacific Islands,PACISL,"Papua New Guinea, Solomon Islands","PNG, SLB",278494,3,2017,10,2017,10,2017,https://www.marinemammalhabitat.org/portfolio-item/main-solomon-islands/ ?
126,IMMA,Marquesas Archipelago IMMA,10PACISL171717IMMA,"Criterion B - Distribution and Abundance, Criterion D - Special Attributes","B2, D1, D2","Peponocephala electra, Stenella longirostris",2,"Physeter macrocephalus, Megaptera novaeangliae, Mesoplodon densirostris, Lagenodelphis hosei, Kogia sima, Ziphius cavirostris, Globicephala macrorhynchus, Pseudorca crassidens, Feresa attenuata, Orcinus orca, Stenella attenuata, Steno bredanensis, Tursiops truncatus, Grampus griseus",14,Pacific Islands,PACISL,French Polynesia,PYF,100460,3,2017,10,2017,10,2017,https://www.marinemammalhabitat.org/portfolio-item/marquesas-archipelago/
127,IMMA,New Caledonia Southern Seamounts and Banks IMMA,11PACISL171717IMMA,"Criterion A - Species or Population Vulnerability, Criterion B - Distribution and Abundance, Criterion C - Key Life Cycle Activities, Criterion D - Special Attributes","A, B2, C1, D1",Megaptera novaeangliae,1,NULL,NULL,Pacific Islands,PACISL,New Caledonia,NCL,18758,3,2017,10,2017,10,2017,https://www.marinemammalhabitat.org/portfolio-item/new-caledonia-southern-seamounts/
128,IMMA,New Caledonian Lagoons and Shelf Waters IMMA,12PACISL171717IMMA,"Criterion A - Species or Population Vulnerability, Criterion B - Distribution and Abundance, Criterion C - Key Life Cycle Activities, Criterion D - Special Attributes","A, B1, B2, C1, C2, D1","Megaptera novaeangliae, Dugong dugon, Tursiops aduncus",3,"Stenella longirostris, Balaenoptera acutorostrata, Balaenoptera omurai",3,Pacific Islands,PACISL,New Caledonia,NCL,27799,3,2017,10,2017,10,2017,https://www.marinemammalhabitat.org/portfolio-item/new-caledonian-main-island-lagoons-and-shelf/
129,IMMA,Northwestern Hawaiian Islands IMMA,13PACISL171717IMMA,"Criterion A - Species or Population Vulnerability, Criterion B - Distribution and Abundance, Criterion C - Key Life Cycle Activities","A, B1, C1","Neomonachus schauinslandi, Stenella longirostris",2,"Tursiops truncatus, Feresa attenuata, Globicephala macrorhynchus, Kogia sima, Mesoplodon densirostris, Peponocephala electra, Stenella attenuata, Steno bredanensis, Ziphius cavirostris, Pseudorca crassidens, Megaptera novaeangliae",11,Pacific Islands,PACISL,United States,USA,17210,3,2017,10,2017,10,2017,https://www.marinemammalhabitat.org/portfolio-item/north-west-hawaiian-islands/
130,IMMA,Palmyra Atoll IMMA,14PACISL171717IMMA,"Criterion B - Distribution and Abundance, Criterion D - Special Attributes","B2, D1",Peponocephala electra,1,NULL,NULL,Pacific Islands,PACISL,Palmyra Atoll,UMI,93,3,2017,10,2017,10,2017,https://www.marinemammalhabitat.org/portfolio-item/palmyra-atoll/
131,IMMA,Samoan Archipelago IMMA,15PACISL171717IMMA,"Criterion A - Species or Population Vulnerability, Criterion B - Distribution and Abundance, Criterion C - Key Life Cycle Activities, Criterion D - Special Attributes","A, B1, B2, C1, D1, D2","Megaptera novaeangliae, Stenella longirostris, Steno bredanensis",3,"Kogia sima, Mesoplodon densirostris, Ziphius cavirostris, Globicephala macrorhynchus, Pseudorca crassidens, Stenella attenuata, Physeter macrocephalus, Tursiops truncatus",8,Pacific Islands,PACISL,"American Samoa, Samoa","ASM, WSM",12548,3,2017,10,2017,10,2017,https://www.marinemammalhabitat.org/portfolio-item/samoan-archipelago/
132,IMMA,Society Archipelago IMMA,16PACISL171717IMMA,"Criterion A - Species or Population Vulnerability, Criterion B - Distribution and Abundance, Criterion C - Key Life Cycle Activities, Criterion D - Special Attributes","A, B1, B2, C1, D1, D2","Megaptera novaeangliae, Stenella longirostris, Steno bredanensis",3,"Kogia sima, Mesoplodon densirostris, Ziphius cavirostris, Peponocephala electra, Lagenodelphis hosei, Orcinus orca, Globicephala macrorhynchus, Pseudorca crassidens, Feresa attenuata, Grampus griseus, Stenella attenuata, Physeter macrocephalus, Tursiops truncatus",13,Pacific Islands,PACISL,French Polynesia,PYF,19028,3,2017,10,2017,10,2017,https://www.marinemammalhabitat.org/portfolio-item/society-archipelago/
133,IMMA,Southern Shelf Waters and Reef Edge of Palau IMMA,17PACISL171717IMMA,"Criterion A - Species or Population Vulnerability, Criterion B - Distribution and Abundance, Criterion C - Key Life Cycle Activities, Criterion D - Special Attributes","A, B1, B2, C1, C2, D1",Dugong dugon,1,"Feresa attenuata, Physeter macrocephalus, Peponocephala electra, Stenella longirostris, Stenella attenuata, Pseudorca crassidens, Globicephala macrorhynchus",7,Pacific Islands,PACISL,Palau,PLW,1490,3,2017,10,2017,10,2017,https://www.marinemammalhabitat.org/portfolio-item/southern-shelf-waters-slope-edge-palau/
134,IMMA,Tongan Archipelago IMMA,18PACISL171717IMMA,"Criterion A - Species or Population Vulnerability, Criterion B - Distribution and Abundance, Criterion C - Key Life Cycle Activities, Criterion D - Special Attributes","A, B2, C1, D1, D2","Megaptera novaeangliae, Stenella longirostris",2,"Physeter macrocephalus, Balaenoptera musculus brevicauda, Balaenoptera acutorostrata, Balaenoptera bonaerensis, Balaenoptera borealis, Balaenoptera brydei, Kogia sima, Ziphius cavirostris, Globicephala macrorhynchus, Pseudorca crassidens, Feresa attenuata, Orcinus orca, Peponocephala electra, Stenella attenuata, Steno bredanensis, Tursiops truncatus, Grampus griseus",17,Pacific Islands,PACISL,Tonga,TON,50034,3,2017,10,2017,10,2017,https://www.marinemammalhabitat.org/portfolio-item/tongan-archipelago/
135,IMMA,Vatu-i-Ra IMMA,19PACISL171717IMMA,"Criterion A - Species or Population Vulnerability, Criterion B - Distribution and Abundance, Criterion C - Key Life Cycle Activities, Criterion D - Special Attributes","A, B1, C1, D2","Megaptera novaeangliae, Stenella longirostris",2,"Globicephala macrorhynchus, Physeter macrocephalus, Pseudorca crassidens, Stenella attenuata, Tursiops truncatus, Balaenoptera acutorostrata, Orcinus orca",7,Pacific Islands,PACISL,Fiji,FJI,14293,3,2017,10,2017,10,2017,https://www.marinemammalhabitat.org/portfolio-item/vatu-i-ra/
136,IMMA,Waters of New Caledonia and Loyalty Islands IMMA,20PACISL171717IMMA,"Criterion A - Species or Population, Criterion D - Special Attributes","A, D2","Physeter macrocephalus, Megaptera novaeangliae",2,"Ziphius cavirostris, Indopacetus pacificus, Globicephala macrorhynchus, Tursiops truncatus, Kogia sima, Kogia breviceps, Grampus griseus, Balaenoptera omurai, Stenella attenuata, Mesoplodon densirostris, Peponocephala electra, Stenella longirostris, Balaenoptera musculus brevicauda, Balaenoptera bonaerensis, Feresa attenuata, Pseudorca crassidens, Balaenoptera borealis, Orcinus orca",18,Pacific Islands,PACISL,New Caledonia,NCL,155056,3,2017,10,2017,10,2017,https://www.marinemammalhabitat.org/portfolio-item/waters-new-caledonia-loyalty-islands/
137,IMMA,Aldabra Atoll IMMA,01WIOCAS191919IMMA,"Criterion A - Species or Population Vulnerability, Criterion C - Key Life Cycle Activities","A, C1, C2, C3","Dugong dugon, Megaptera novaeangliae",2,"Delphinus delphis, Globicephala macrorhynchus, Grampus griseus, Mesoplodon densirostris, Orcinus orca, Peponocephala electra, Physeter macrocephalus, Pseudorca crassidens, Stenella attenuata, Stenella longirostris, Tursiops truncatus, Ziphius cavirostris",12,Western Indian Ocean and Arabian Seas,WIOCAS,Seychelles,SYC,393,4,2019,12,2019,12,2019,https://www.marinemammalhabitat.org/portfolio-item/aldabra-atoll/
138,IMMA,Bazaruto Archipelago to Inhambane Bay IMMA,02WIOCAS191919IMMA,"Criterion A - Species or Population Vulnerability, Criterion B - Distribution and Abundance","A, B1",Dugong dugon,1,"Sousa plumbea, Orcinus orca, Stenella longirostris, Stenella attenuata, Delphinus delphis, Feresa attenuata, Lagenodelphis hosei, Megaptera novaeangliae, Balaenoptera acutorostrata, Pseudorca crassidens, Tursiops aduncus",11,Western Indian Ocean and Arabian Seas,WIOCAS,Mozambique,MOZ,16280,4,2019,12,2019,12,2019,https://www.marinemammalhabitat.org/portfolio-item/bazaruto-archipelago-inhambane-bay/
139,IMMA,Cape Coastal Waters IMMA,03WIOCAS191919IMMA,"Criterion B - Distribution and Abundance, Criterion C - Key Life Cycle Activities","B2, C1",Eubalaena australis,1,"Sousa plumbea, Tursiops truncatus",2,Western Indian Ocean and Arabian Seas,WIOCAS,South Africa,ZAF,8638,4,2019,12,2019,12,2019,https://www.marinemammalhabitat.org/portfolio-item/cape-coastal-waters
140,IMMA,Comoros Island Chain and Adjacent Reef Banks IMMA,04WIOCAS191919IMMA,"Criterion A - Species or Population Vulnerability, Criterion B - Distribution and Abundance, Criterion C - Key Life Cycle Activities, Criterion D - Special Attributes","A, B1, B2, C1, C3, D2","Megaptera novaeangliae, Balaenoptera musculus, Physeter macrocephalus, Peponocephala electra, Globicephala macrorhynchus, Stenella longirostris, Tursiops aduncus, Sousa plumbea, Stenella attenuata, Pseudorca crassidens, Dugong dugon",11,"Tursiops truncatus, Pseudorca crassidens, Grampus griseus, Feresa attenuata, Lagenodelphis hosei, Orcinus orca, Indopacetus pacificus, Ziphius cavirostris, Mesoplodon densirostris, Kogia breviceps, Kogia sima, Stenella coeruleoalba, Steno bredanensis",13,Western Indian Ocean and Arabian Seas,WIOCAS,"Comoros, Madagascar, Mayotte","COM, MDG, MYT",65900,4,2019,12,2019,12,2019,https://www.marinemammalhabitat.org/portfolio-item/comoros-island-chain-adjacent-reef-banks/
141,IMMA,Dhofar IMMA,05WIOCAS191919IMMA,"Criterion A - Species or Population Vulnerability, Criterion B - Distribution and Abundance, Criterion C - Key Life Cycle Activities, Criterion D - Special Attributes","A, B2, C1, C2, D2","Balaenoptera musculus, Balaenoptera edeni, Megaptera novaeangliae, Physeter macrocephalus, Pseudorca crassidens, Sousa plumbea",6,"Delphinus delphis tropicalis, Globicephala macrorhynchus, Grampus griseus, Kogia sima, Orcinus orca, Peponocephala electra, Stenella longirostris, Steno bredanensis, Tursiops aduncus, Tursiops truncatus, Ziphius cavirostris",11,Western Indian Ocean and Arabian Seas,WIOCAS,Oman,OMN,20680,4,2019,12,2019,12,2019,https://www.marinemammalhabitat.org/portfolio-item/dhofar/
142,IMMA,Farasan Archipelago IMMA,06WIOCAS191919IMMA,"Criterion A - Species or Population Vulnerability, Criterion B - Distribution and Abundance, Criterion C - Key Life Cycle Activities","A, B2, C2","Balaenoptera edeni, Sousa plumbea, Stenella longirostris, Tursiops aduncus, Dugong dugon",5,Orcinus orca,1,Western Indian Ocean and Arabian Seas,WIOCAS,Saudi Arabia,"SAU, YEM",6326,4,2019,12,2019,12,2019,https://www.marinemammalhabitat.org/portfolio-item/farasan-archipelago/
143,IMMA,Greater Pemba Channel IMMA,07WIOCAS191919IMMA,"Criterion A - Species or Population Vulnerability, Criterion B - Distribution and Abundance, Criterion D - Special Attributes","A, B1, D2","Sousa plumbea, Tursiops aduncus",2,"Delphinus delphis tropicalis, Globicephala macrorhynchus, Grampus griseus, Kogia breviceps, Lagenodelphis hosei, Megaptera novaeangliae, Mesoplodon densirostris, Pseudorca crassidens, Stenella attenuata, Stenella longirostris, Tursiops truncatus",11,Western Indian Ocean and Arabian Seas,WIOCAS,"Kenya, Tanzania","KEN, TZA",6819,4,2019,12,2019,12,2019,https://www.marinemammalhabitat.org/portfolio-item/greater-pemba-channel/
144,IMMA,Gulf of Kutch IMMA,08WIOCAS191919IMMA,"Criterion A - Species or Population Vulnerability, Criterion B - Distribution and Abundance, Criterion C - Key Life Cycle Activities","A, B1, C2","Dugong dugon, Sousa plumbea",2,Neophocaena phocaenoides,1,Western Indian Ocean and Arabian Seas,WIOCAS,India,IND,3025,4,2019,12,2019,12,2019,https://www.marinemammalhabitat.org/portfolio-item/gulf-kutch/
145,IMMA,Gulf of Masirah and Offshore Waters IMMA,09WIOCAS191919IMMA,"Criterion A - Species or Population Vulnerability, Criterion C - Key Life Cycle Activities, Criterion D - Special Attributes","A, C2, D2","Megaptera novaeangliae, Sousa plumbea",2,"Balaenoptera edeni, Delphinus delphis tropicalis, Orcinus orca, Physeter macrocephalus, Pseudorca crassidens, Stenella longirostris, Tursiops aduncus, Tursiops truncatus, Ziphius cavirostris",9,Western Indian Ocean and Arabian Seas,WIOCAS,Oman,OMN,26350,4,2019,12,2019,12,2019,https://www.marinemammalhabitat.org/portfolio-item/gulf-masirah-offshore-waters/
146,IMMA,Gulf of Salwa IMMA,10WIOCAS191919IMMA,"Criterion A - Species or Population Vulnerability, Criterion B - Distribution and Abundance, Criterion C - Key Life Cycle Activities","A, B2, C1, C2",Dugong dugon,1,"Balaenoptera edeni, Delphinus delphis tropicalis, Neophocaena phocaenoides, Orcinus orca, Sousa plumbea, Tursiops aduncus",6,Western Indian Ocean and Arabian Seas,WIOCAS,"Bahrain, Qatar, Saudi Arabia","BHR, QAT, SAU",12580,4,2019,12,2019,12,2019,https://www.marinemammalhabitat.org/portfolio-item/gulf-salwa/
147,IMMA,Indus Estuary and Creeks IMMA,11WIOCAS191919IMMA,"Criterion A - Species or Population Vulnerability, Criterion B - Distribution and Abundance","A, B1","Sousa plumbea, Neophocaena phocaenoides",2,Tursiops aduncus,1,Western Indian Ocean and Arabian Seas,WIOCAS,"India, Pakistan","IND, PAK",3288,4,2019,12,2019,12,2019,https://www.marinemammalhabitat.org/portfolio-item/indus-estuary-creeks/
148,IMMA,Kisite-Shimoni IMMA,12WIOCAS191919IMMA,"Criterion A - Species or Population Vulnerability, Criterion B - Distribution and Abundance, Criterion C - Key Life Cycle Activities","A, B1, C1","Tursiops aduncus, Sousa plumbea, Megaptera novaeangliae",3,"Dugong dugon, Stenella longirostris",2,Western Indian Ocean and Arabian Seas,WIOCAS,"Kenya, Tanzania","KEN, TZA",743,4,2019,12,2019,12,2019,https://www.marinemammalhabitat.org/portfolio-item/kisite-shimoni/
149,IMMA,Lakshadweep Archipelago IMMA,13WIOCAS191919IMMA,Criterion D - Special Attributes,D2,NULL,NULL,"Tursiops aduncus, Stenella longirostris, Tursiops truncatus, Globicephala macrorhynchus, Grampus griseus, Stenella attenuata, Stenella coeruleoalba, Pseudorca crassidens, Feresa attenuata, Kogia sima, Physeter macrocephalus, Ziphius cavirostris, Orcinus orca, Balaenoptera musculus",14,Western Indian Ocean and Arabian Seas,WIOCAS,India,IND,90180,4,2019,12,2019,12,2019,https://www.marinemammalhabitat.org/portfolio-item/lakshadweep-archipelago
150,IMMA,Lamu Offshore IMMA,14WIOCAS191919IMMA,Criterion A - Species or Population Vulnerability,A,Balaenoptera musculus,1,"Balaenoptera edeni, Globicephala macrorhynchus, Grampus griseus, Indopacetus pacificus, Megaptera novaeangliae, Peponocephala electra, Physeter macrocephalus, Pseudorca crassidens, Stenella longirostris, Tursiops truncatus",10,Western Indian Ocean and Arabian Seas,WIOCAS,"Kenya, Somalia, High Seas","KEN, SOM, ABNJ",62750,4,2019,12,2019,12,2019,https://www.marinemammalhabitat.org/portfolio-item/lamu-offshore/
151,IMMA,Madagascar Central East Coast IMMA,15WIOCAS191919IMMA,"Criterion B - Distribution and Abundance, Criterion C - Key Life Cycle Activities","B2, C1, C3",Megaptera novaeangliae,1,"Feresa attenuata, Indopacetus pacificus, Peponocephala electra, Physeter macrocephalus, Pseudorca crassidens, Tursiops aduncus, Tursiops truncatus, Ziphius cavirostris",8,Western Indian Ocean and Arabian Seas,WIOCAS,Madagascar,MDG,59940,4,2019,12,2019,12,2019,https://www.marinemammalhabitat.org/portfolio-item/madagascar-central-east-coast/
152,IMMA,Maldives Archipelago and Adjacent Oceanic Waters IMMA,16WIOCAS191919IMMA,"Criterion A - Species or Population Vulnerability, Criterion C - Key Life Cycle Activities, Criterion D - Special Attributes","A, C1, C2, D2","Balaenoptera musculus, Megaptera novaeangliae, Physeter macrocephalus, Stenella longirostris, Stenella attenuata",5,"Balaenoptera edeni, Kogia sima, Orcinus orca, Pseudorca crassidens, Globicephala macrorhynchus, Feresa attenuata, Peponocephala electra, Stenella coeruleoalba, Tursiops aduncus, Tursiops truncatus, Grampus griseus, Steno bredanensis, Lagenodelphis hosei, Ziphius cavirostris, Mesoplodon hotaula, Mesoplodon densirostris, Indopacetus pacificus",17,Western Indian Ocean and Arabian Seas,WIOCAS,"India, Maldives","IND, MDV",166500,4,2019,12,2019,12,2019,https://www.marinemammalhabitat.org/portfolio-item/maldives-archipelago-adjacent-oceanic-waters/
153,IMMA,Mascarene Islands and Associated Oceanic Features IMMA,17WIOCAS191919IMMA,"Criterion A - Species or Population Vulnerability, Criterion B - Distribution and Abundance, Criterion C - Key Life Cycle Activities, Criterion D - Special Attributes","A, B1, B2, C1, C3, D2","Physeter macrocephalus, Tursiops aduncus, Tursiops truncatus, Stenella longirostris, Megaptera novaeangliae",5,"Balaenoptera bonaerensis, Balaenoptera physalus, Eubalaena australis, Feresa attenuata, Globicephala macrorhynchus, Grampus griseus, Indopacetus pacificus, Kogia sima, Lagenodelphis hosei, Mesoplodon densirostris, Orcinus orca, Peponocephala electra, Pseudorca crassidens, Stenella attenuata, Stenella coeruleoalba, Steno bredanensis, Ziphius cavirostris",17,Western Indian Ocean and Arabian Seas,WIOCAS,"Mauritius, Reunion","MUS, REU",256900,4,2019,12,2019,12,2019,https://www.marinemammalhabitat.org/portfolio-item/mascarene-islands-associated-oceanic-features
154,IMMA,Menai Bay IMMA,18WIOCAS191919IMMA,"Criterion A - Species or Population Vulnerability, Criterion B - Distribution and Abundance, Criterion C - Key Life Cycle Activities","A, B1, C2","Tursiops aduncus, Sousa plumbea",2,"Megaptera novaeangliae, Tursiops truncatus",2,Western Indian Ocean and Arabian Seas,WIOCAS,Tanzania,TZA,666,4,2019,12,2019,12,2019,https://www.marinemammalhabitat.org/portfolio-item/menai-bay/
155,IMMA,Miani Hor IMMA,19WIOCAS191919IMMA,"Criterion A - Species or Population Vulnerability, Criterion B - Distribution and Abundance","A, B1","Sousa plumbea, Neophocaena phocaenoides",2,Tursiops aduncus,1,Western Indian Ocean and Arabian Seas,WIOCAS,Pakistan,PAK,471,4,2019,12,2019,12,2019,https://www.marinemammalhabitat.org/portfolio-item/miani-hor/
156,IMMA,Mozambique Coastal Breeding Grounds IMMA,20WIOCAS191919IMMA,Criterion C - Key Life Cycle Activities,C1,Megaptera novaeangliae,1,"Delphinus delphis, Eubalaena australis, Orcinus orca, Sousa plumbea, Stenella longirostris, Tursiops aduncus",6,Western Indian Ocean and Arabian Seas,WIOCAS,"Mozambique, South Africa","MOZ, ZAF",89420,4,2019,12,2019,12,2019,https://www.marinemammalhabitat.org/portfolio-item/mozambique-coastal-breeding-grounds/
157,IMMA,Muscat Coastal Waters and Offshore Canyons IMMA,21WIOCAS191919IMMA,"Criterion C - Key Life Cycle Activities, Criterion D - Special Attributes","C1, C2, D2","Stenella longirostris, Delphinus delphis, Tursiops truncatus, Balaenoptera edeni, Grampus griseus, Physeter macrocephalus, Pseudorca crassidens",7,"Balaenoptera musculus indica, Feresa attenuata, Kogia sima, Megaptera novaeangliae, Orcinus orca, Stenella attenuata, Stenella coeruleoalba",7,Western Indian Ocean and Arabian Seas,WIOCAS,Oman,OMN,5380,4,2019,12,2019,12,2019,https://www.marinemammalhabitat.org/portfolio-item/muscat-coastal-waters-offshore-canyons/
158,IMMA,Nakhiloo Coastal Waters IMMA,22WIOCAS191919IMMA,"Criterion A - Species or Population Vulnerability, Criterion B - Distribution and Abundance, Criterion C - Key Life Cycle Activities","A, B1, C1","Sousa plumbea, Neophocaena phocaenoides",2,"Balaenoptera edeni, Stenella longirostris, Delphinus delphis tropicalis",3,Western Indian Ocean and Arabian Seas,WIOCAS,Iran,IRN,486,4,2019,12,2019,12,2019,https://www.marinemammalhabitat.org/portfolio-item/nakhiloo-coastal-waters/
159,IMMA,North East Arabian Sea IMMA,23WIOCAS191919IMMA,"Criterion A - Species or Population Vulnerability, Criterion B - Distribution and Abundance, Criterion C - Key Life Cycle Activities, Criterion D - Special Attributes","A, B2, C2, D2","Megaptera novaeangliae, Balaenoptera musculus, Kogia sima, Kogia breviceps, Tursiops aduncus, Stenella longirostris",6,"Sousa plumbea, Balaenoptera edeni, Stenella attenuata, Steno bredanensis, Stenella coeruleoalba, Orcinus orca, Indopacetus pacificus, Ziphius cavirostris, Grampus griseus",9,Western Indian Ocean and Arabian Seas,WIOCAS,"India, Pakistan","IND, PAK",147200,4,2019,12,2019,12,2019,https://www.marinemammalhabitat.org/portfolio-item/north-east-arabian-sea/
160,IMMA,"Northern Gulf and Confluence of Tigris, Euphrates and Kuran IMMA",24WIOCAS191919IMMA,"Criterion A - Species or Population Vulnerability, Criterion B - Distribution and Abundance","A, B1",Sousa plumbea,1,"Neophocaena phocaenoides, Tursiops aduncus",2,Western Indian Ocean and Arabian Seas,WIOCAS,"Iran, Iraq, Kuwait","IRN, IRQ, KWT",5279,4,2019,12,2019,12,2019,https://www.marinemammalhabitat.org/portfolio-item/northern-gulf-confluence-tigris-euphrates-kuran/
161,IMMA,Northern Red Sea Islands IMMA,25WIOCAS191919IMMA,"Criterion A - Species or Population Vulnerability, Criterion B - Distribution and Abundance, Criterion C - Key Life Cycle Activities, Criterion D - Special Attributes","A, B1, C3, D1","Tursiops aduncus, Sousa plumbea",2,"Dugong dugon, Grampus griseus, Megaptera novaeangliae, Pseudorca crassidens, Stenella attenuata, Stenella longirostris, Tursiops truncatus",7,Western Indian Ocean and Arabian Seas,WIOCAS,Egypt,EGY,2559,4,2019,12,2019,12,2019,https://www.marinemammalhabitat.org/portfolio-item/northern-red-sea-islands/
162,IMMA,Northwest Madagascar and Northeast Mozambique Channel IMMA,26WIOCAS191919IMMA,"Criterion A - Species or Population Vulnerability, Criterion B - Distribution and Abundance, Criterion C - Key Life Cycle Activities, Criterion D - Special Attributes","A, B1, B2, C1, C3, D2","Balaenoptera omurai, Balaenoptera musculus, Balaenoptera physalus, Megaptera novaeangliae, Sousa plumbea, Peponocephala electra, Dugong dugon, Physeter macrocephalus",8,"Balaenoptera acutorostrata, Balaenoptera bonaerensis, Globicephala macrorhynchus, Grampus griseus, Indopacetus pacificus, Kogia sima, Lagenodelphis hosei, Pseudorca crassidens, Sousa plumbea, Stenella attenuata, Stenella longirostris, Tursiops aduncus, Tursiops truncatus, Ziphius cavirostris",14,Western Indian Ocean and Arabian Seas,WIOCAS,"Comores, Madagascar, Mayotte","COM, MDG, MYT",127500,4,2019,12,2019,12,2019,https://www.marinemammalhabitat.org/portfolio-item/northwest-madagascar-northeast-mozambique-channel/
163,IMMA,Oman Arabian Sea IMMA,27WIOCAS191919IMMA,"Criterion A - Species or Population Vulnerability, Criterion B - Distribution and Abundance, Criterion C - Key Life Cycle Activities","A, B2, C3",Megaptera novaeangliae,1,"Balaenoptera acutorostrata, Balaenoptera edeni, Balaenoptera musculus indica, Delphinus delphis tropicalis, Globicephala macrorhynchus, Grampus griseus, Kogia breviceps, Kogia sima, Orcinus orca, Peponocephala electra, Physeter macrocephalus, Pseudorca crassidens, Sousa plumbea, Stenella longirostris, Steno bredanensis, Tursiops aduncus, Tursiops truncatus, Ziphius cavirostris",18,Western Indian Ocean and Arabian Seas,WIOCAS,"Oman, Yemen","OMN, YEM",105000,4,2019,12,2019,12,2019,https://www.marinemammalhabitat.org/portfolio-item/oman-arabian-sea/
164,IMMA,Seychelles Plateau and Adjacent Oceanic Waters IMMA,28WIOCAS191919IMMA,"Criterion A - Species or Population Vulnerability, Criterion B - Distribution and Abundance, Criterion D - Special Attributes","A, B2, D2","Stenella longirostris, Physeter macrocephalus, Balaenoptera musculus, Tursiops truncatus, Tursiops aduncus",5,"Globicephala macrorhynchus, Grampus griseus, Kogia breviceps, Kogia sima, Megaptera novaeangliae, Mesoplodon densirostris, Orcinus orca, Peponocephala electra, Pseudorca crassidens, Stenella attenuata, Stenella coeruleoalba, Ziphius cavirostris",12,Western Indian Ocean and Arabian Seas,WIOCAS,Seychelles,SYC,162500,4,2019,12,2019,12,2019,https://www.marinemammalhabitat.org/portfolio-item/seychelles-plateau-adjacent-oceanic-waters/
165,IMMA,Shelf Waters of Southern Madagascar IMMA,29WIOCAS191919IMMA,"Criterion B - Distribution and Abundance, Criterion C - Key Life Cycle Activities","B2, C1, C2",Megaptera novaeangliae,1,NULL,NULL,Western Indian Ocean and Arabian Seas,WIOCAS,Madagascar,MDG,21780,4,2019,12,2019,12,2019,https://www.marinemammalhabitat.org/portfolio-item/shelf-waters-southern-madagascar/
166,IMMA,Sindhudurg-Karwar IMMA,30WIOCAS191919IMMA,"Criterion A - Species or Population Vulnerability, Criterion B - Distribution and Abundance, Criterion D - Special Attributes","A, B1, D2","Sousa plumbea, Neophocaena phocaenoides",2,"Balaenoptera musculus, Balaenoptera edeni, Delphinus delphis, Kogia sima, Pseudorca crassidens, Megaptera novaeangliae, Tursiops aduncus, Orcinus orca, Stenella attenuata, Stenella coeruleoalba",10,Western Indian Ocean and Arabian Seas,WIOCAS,India,IND,4613,4,2019,12,2019,12,2019,https://www.marinemammalhabitat.org/portfolio-item/sindhudurg-karwar/
167,IMMA,South East African Coastal Migration Corridor IMMA,31WIOCAS191919IMMA,Criterion C - Key Life Cycle Activities,C3,Megaptera novaeangliae,1,"Eubalaena australis, Stenella longirostris, Orcinus orca, Tursiops aduncus, Sousa plumbea, Delphinus delphis",6,Western Indian Ocean and Arabian Seas,WIOCAS,South Africa,ZAF,47060,4,2019,12,2019,12,2019,https://www.marinemammalhabitat.org/portfolio-item/south-east-african-coastal-migration-corridor/
168,IMMA,South West Madagascar and Mozambique Channel IMMA,32WIOCAS191919IMMA,"Criterion A - Species or Population Vulnerability, Criterion C - Key Life Cycle Activities, Criterion D - Special Attributes","A, C3, D2","Balaenoptera musculus, Balaenoptera bonaerensis, Balaenoptera physalus, Physeter macrocephalus, Sousa plumbea",5,"Globicephala macrorhynchus, Grampus griseus, Kogia breviceps, Kogia sima, Megaptera novaeangliae, Mesoplodon densirostris, Peponocephala electra, Pseudorca crassidens, Stenella attenuata, Stenella longirostris, Tursiops aduncus, Tursiops truncatus, Ziphius cavirostris",13,Western Indian Ocean and Arabian Seas,WIOCAS,"Bassas da India, Ile Europa, Madagascar","ATF, ATF, MDG",157800,4,2019,12,2019,12,2019,https://www.marinemammalhabitat.org/portfolio-item/south-west-madagascar-mozambique-channel/
169,IMMA,Southern Coastal and Shelf Waters of South Africa IMMA,33WIOCAS191919IMMA,"Criterion A - Species or Population Vulnerability, Criterion B - Distribution and Abundance, Criterion C - Key Life Cycle Activities","A, B1, C2","Sousa plumbea, Balaenoptera edeni, Tursiops aduncus, Delphinus delphis, Arctocephalus pusillus",5,"Megaptera novaeangliae, Eubalaena australis, Orcinus orca",3,Western Indian Ocean and Arabian Seas,WIOCAS,South Africa,ZAF,166700,4,2019,12,2019,12,2019,https://www.marinemammalhabitat.org/portfolio-item/southern-coastal-shelf-waters-south-africa/
170,IMMA,"Southern Egyptian Red Sea Bays, Offshore Reefs and Islands IMMA",34WIOCAS191919IMMA,"Criterion A - Species or Population Vulnerability, Criterion B - Distribution and Abundance, Criterion C - Key Life Cycle Activities","A, B1, B2, C1","Dugong dugon, Sousa plumbea, Grampus griseus, Stenella longirostris, Tursiops aduncus, Tursiops truncatus",6,"Balaenoptera edeni, Pseudorca crassidens",2,Western Indian Ocean and Arabian Seas,WIOCAS,Egypt,"EGY, SDN",22190,4,2019,12,2019,12,2019,https://www.marinemammalhabitat.org/portfolio-item/southern-egyptian-red-sea-bays-offshore-reefs-islands/
171,IMMA,Southern Gulf and Coastal Waters IMMA,35WIOCAS191919IMMA,"Criterion A - Species or Population Vulnerability, Criterion B - Distribution and Abundance, Criterion C - Key Life Cycle Activities","A, B2, C1, C2","Sousa plumbea, Neophocaena phocaenoides, Dugong dugon, Tursiops aduncus",4,"Megaptera novaeangliae, Balaenoptera edeni, Kogia sima, Orcinus orca",4,Western Indian Ocean and Arabian Seas,WIOCAS,"Qatar, Saudi Arabia, United Arab Emirates","QAT, SAU, ARE",30240,4,2019,12,2019,12,2019,https://www.marinemammalhabitat.org/portfolio-item/southern-gulf-coastal-waters/
172,IMMA,"Toliara, St. Augustine Canyon and Anakao IMMA",36WIOCAS191919IMMA,"Criterion A - Species or Population Vulnerability, Criterion B - Distribution and Abundance, Criterion C - Key Life Cycle Activities, Criterion D - Special Attributes","A, B1, B2, C1, D2","Megaptera novaeangliae, Sousa plumbea, Stenella longirostris, Grampus griseus, Globicephala macrorhynchus",5,"Balaenoptera bonaerensis, Balaenoptera musculus brevicauda, Balaenoptera musculus intermedia, Balaenoptera physalus, Eubalaena australis, Kogia sima, Lagenodelphis hosei, Peponocephala electra, Physeter macrocephalus, Pseudorca crassidens, Stenella attenuata, Steno bredanensis, Tursiops aduncus, Tursiops truncatus",14,Western Indian Ocean and Arabian Seas,WIOCAS,Madagascar,MDG,6963,4,2019,12,2019,12,2019,https://www.marinemammalhabitat.org/portfolio-item/toliara-st-augustine-canyon-anakao/
173,IMMA,Watamu-Malindi and Watamu Banks IMMA,37WIOCAS191919IMMA,"Criterion B - Distribution and Abundance, Criterion C - Key Life Cycle Activities","B1, C3","Tursiops aduncus, Megaptera novaeangliae",2,"Sousa plumbea, Stenella longirostris, Globicephala macrorhynchus, Balaenoptera edeni, Orcinus orca, Physeter macrocephalus, Pseudorca crassidens",7,Western Indian Ocean and Arabian Seas,WIOCAS,Kenya,KEN,972,4,2019,12,2019,12,2019,https://www.marinemammalhabitat.org/portfolio-item/watamu-malindi-watamu-banks/
